:02000002E0001C
:10B000000000042009B30E0031B30E0033B30E006C
:10B0100035B30E0037B30E0039B30E000000000048
:10B0200000000000000000000000000065D00E00DD
:10B030003DB30E00000000003FB30E0041B30E0010
:10B0400043B30E0043B30E0043B30E0043B30E00F0
:10B0500043B30E0043B30E0043B30E0043B30E00E0
:10B0600043B30E0043B30E0043B30E0043B30E00D0
:10B0700043B30E0043B30E0043B30E0043B30E00C0
:10B0800061EA0E0043B30E0043B30E0043B30E005B
:10B0900043B30E0043B30E0001C50E0043B30E00D0
:10B0A00043B30E0043B30E0043B30E0043B30E0090
:10B0B00043B30E0043B30E00000000000000000088
:10B0C00043B30E0043B30E0043B30E0043B30E0070
:10B0D000C5DF0E0043B30E0043B30E0043B30E00B2
:10B0E000AD130F00111D0F0071370F00000000009D
:10B0F0000000000043B30E000000000043B30E0048
:10B10000000000000000000000000000000000003F
:10B11000000000000000000000000000000000002F
:10B12000000000000000000000000000000000001F
:10B13000000000000000000000000000000000000F
:10B1400000000000000000000000000000000000FF
:10B1500000000000000000000000000000000000EF
:10B1600000000000000000000000000000000000DF
:10B1700000000000000000000000000000000000CF
:10B1800000000000000000000000000000000000BF
:10B1900000000000000000000000000000000000AF
:10B1A000000000000000000000000000000000009F
:10B1B000000000000000000000000000000000008F
:10B1C000000000000000000000000000000000007F
:10B1D000000000000000000000000000000000006F
:10B1E000000000000000000000000000000000005F
:10B1F000000000000000000000000000000000004F
:10B200000348044B834202D0034B03B118477047F5
:10B21000945B0020945B0020000000000548064B72
:10B220001B1AD90F01EBA301491002D0034B03B144
:10B2300018477047945B0020945B002000000000DA
:10B2400010B5064C237843B9FFF7DAFF044B13B16E
:10B250000448AFF300800123237010BDA85B0020D9
:10B2600000000000AC840F0008B5054B1BB1054978
:10B270000548AFF30080BDE80840FFF7CFBF00BF2F
:10B2800000000000AC5B0020AC840F00A3F5803A06
:10B29000704700BF174B002B08BF134B9D46FFF7AD
:10B2A000F5FF00218B460F461348144A121A09F085
:10B2B00012F80E4B002B00D098470D4B002B00D0FE
:10B2C00098470020002104000D000D48002802D0FE
:10B2D0000C48AFF3008009F051F82000290001F07C
:10B2E0001FFD08F057FA00BF000008000000000032
:10B2F0000000000000000420A85B002038A400200B
:10B3000000000000000000000649074A074B9B1A96
:10B3100003DD043BC858D050FBDC00F0D3FDFFF741
:10B32000B9FF000090850F0078590020A85B00202D
:10B33000FEE7FEE7FEE7FEE7FEE7FEE7FEE7FEE7E5
:10B34000FEE7FEE74B1C30B5DB00044612F00300BD
:10B350009BB20DD1074D2A601A44074B1A60074B68
:10B360001870074B1870074B1C80074B198030BDB5
:10B370000720FCE7D05B0020CC5B0020C85B0020EE
:10B38000C95B0020C65B0020C45B00202DE9F347A9
:10B39000DFF8C480B8F800308B4206460D461746E9
:10B3A0004DD300240DF107008DF8074000F094F80C
:10B3B000254B264A26481B78008892F800C0844511
:10B3C0005FFA8CF138BF0131DBB238BFCCB2A34297
:10B3D0002FD014781178CBB2884286BF0133DBB20C
:10B3E0000023E4B213709DF8070000F0A3F84FF6B5
:10B3F000FF739C4225D0DFF86490D9F800304FEA03
:10B40000C40A43F8347003EBC402AEB1A5B1114BCA
:10B41000B8F800001B682A4604FB0030314609F0EA
:10B4200027F8D9F8003053449D80002002B0BDE8D1
:10B43000F0874FF6FF74D6E700239380F5E70920E5
:10B44000F4E70420F2E700BFC95B0020C85B0020DE
:10B45000C45B0020CC5B0020C65B0020D05B0020DA
:10B4600070B5104C104D22782B789A4200D170BDE7
:10B470000E480F4A2378126806880E4802EBC30173
:10B48000006852F83320898803FB060090470A4978
:10B4900022780988D3B2914286BF0133DBB2002300
:10B4A0002370E0E7C95B0020C85B0020C65B00207A
:10B4B000D05B0020CC5B0020C45B0020EFF3058351
:10B4C000C3F308032BB9EFF31480C04300F001006D
:10B4D000704701207047000070B50446FFF7EEFF8B
:10B4E000012803D00F49432000F060F8EFF31086E5
:10B4F00072B60D4A9068012380B993600B4B0C4DD6
:10B50000D3F8801029401160C3F88050D3F884101C
:10B5100051604FF0FF32C3F884200346237006B910
:10B5200062B670BD306E0F00D45B002000E100E019
:10B53000FC06FFBD10B50446FFF7C0FF012803D08D
:10B540000949512000F032F8084B9A685AB154B9B1
:10B55000EFF3108172B6064A1868106058685060A0
:10B560009C6001B962B610BD306E0F00D45B002044
:10B5700000E100E030B53AB11368DB430A4D014405
:10B58000884204D1D84330BD4FF0FF33F6E710F8BE
:10B59000012B5340082213F0010418BF2C46013A36
:10B5A00084EA5303F7D1EBE72083B8ED07B5CDE983
:10B5B00000016A46002144F2020001F051FA03B092
:10B5C0005DF804FB10B561B1B2FBF3F403FB142486
:10B5D000A4B244B9C0E9001484608281C3812046CA
:10B5E00010BD0E20FCE70920FAE782B050E8022FD8
:10B5F000C188B2EB324F4FF0000317BF92B241EA5D
:10B60000014142EA014104E04268B2EB324F08BF17
:10B61000012340E80212002AE8D18DF807309DF896
:10B620000730002B0CBF1120002002B0704737B547
:10B6300050E8013F9DB2C48925448489A54228BFB2
:10B640002D1B0489A54202BFBFF32F8F002207E004
:10B65000C5EA030540E80154002CE9D14FF001028E
:10B660008DF803200193019A0A609DF8031001F000
:10B67000FF0321B1006810FA82F003B030BD184614
:10B68000FBE70A884B889A4209D150E8012FC2EAA9
:10B69000024240E80123002BF7D10120704700202F
:10B6A000704737B550E8023F1FFAA3F5C488A5429A
:10B6B00002BFBFF32F8F00220DE0C4892544848987
:10B6C000A54228BF2D1BC3EA054540E80254002CC3
:10B6D000E8D14FF001028DF803200193019A0A602E
:10B6E0009DF8031001F0FF0321B1006800EB124048
:10B6F00003B030BD1846FBE70A884B889A4209D14F
:10B7000050E8022FC2EA224240E80223002BF7D180
:10B71000012070470020704710B5034653E8000F22
:10B720000A4643E8002494F0000FF7D110BD10B58D
:10B73000034653E8000F40EA010243E8002494F076
:10B74000000FF6D110BD10B5034653E8002F02EAF2
:10B75000010043E8000494F0000FF6D110BD012170
:10B76000FFF7E5BF0021FFF7EEBF000010B504466C
:10B77000002834D003681BB91A49FF20FFF716FFD1
:10B78000636823B917494FF48070FFF70FFFA36870
:10B7900023B9144940F20110FFF708FFE36823B909
:10B7A00010494FF48170FFF701FF238A23B90D4937
:10B7B00040F20310FFF7FAFED4E9012321689B1A37
:10B7C000DBB20A60013BDBB2FF2B226802D1002012
:10B7D000107110BD1168481C10600B70F2E70E204C
:10B7E000F7E700BF746E0F0037B5044620B914495F
:10B7F0004FF49270FFF7DAFE00250DF107008DF887
:10B800000750FFF769FE2268616813688B4210D900
:10B81000591E116013F8013C228AE56802FB0355AA
:10B820002268A36811685B1A1179DBB2994238BFAC
:10B8300013719DF80700FFF77DFE284603B030BD69
:10B84000746E0F0037B50C46054620B9104940F21A
:10B850004710FFF7ABFE24B90D494FF4A470FFF772
:10B86000A5FE00230DF107008DF80730FFF734FE29
:10B870002A681368591C1160EA68A41A2A8AB4FB62
:10B88000F2F41C709DF80700FFF754FE03B030BDC2
:10B89000746E0F0070B50D461646044618B9084977
:10B8A0005520FFF783FE1DB905495620FFF77EFEA0
:10B8B00025602B6831462046BDE87040184700BF20
:10B8C000B36E0F002DE9F041DDF818800E461746E3
:10B8D0001D46044618B922498820FFF767FE1FB9A4
:10B8E0001F498920FFF762FE23681BB91C498A2083
:10B8F000FFF75CFE45BB1A498B20FFF757FEB207E6
:10B9000003D017499120FFF751FEBB0703D014491C
:10B910009220FFF74BFEE3689E4204D32269731E18
:10B920002B44934203D90E499320FFF73FFE23682F
:10B93000CDF81880D3F80CE03A462B463146204625
:10B94000F446BDE8F041604763685A68B5FBF2F31E
:10B9500002FB1353002BD2D001498E20CDE700BF4C
:10B96000B36E0F002DE9F0410D4616461F46044602
:10B9700018B919499E20FFF719FE23681BB916490B
:10B980009F20FFF713FE1EB91349A020FFF70EFEFC
:10B9900063681B68013B2B4203D00F49A320FFF7CC
:10B9A00005FE63681A68E3689D4205D36B1E06FBBB
:10B9B00002332269934203D90749A520FFF7F6FD18
:10B9C0002368D3F810E032463B4629462046F44629
:10B9D000BDE8F041604700BFB36E0F0070B550B9CD
:10B9E0000E4D0F4C0026641B1423B4FBF3F4B44239
:10B9F00008D1002010E00368002BF1D0BDE87040B2
:10BA0000DB6918472B6813B901361435EFE7DB699A
:10BA1000284698470028F7D070BD00BF945B0020EF
:10BA2000A85B0020014B436000207047447D0F005D
:10BA30000846704700207047024B1868003818BF4E
:10BA400001207047E05B002008B50248FFF78AFE3E
:10BA5000002008BDE05B002008B510461A4608F03B
:10BA600007FD002008BD00002DE9F041804686B0AA
:10BA700011480F4616461D46FFF771FE0446C8B929
:10BA8000AA083146384600F049FE0B48FFF76AFE27
:10BA9000D8F8083053B101228DF800200C9A059295
:10BAA000CDE90147CDE9036568469847204606B0D1
:10BAB000BDE8F0811124F9E7E05B00202DE9F043B7
:10BAC000814687B014480E4615469846FFF747FE54
:10BAD0000446F0B90746BD4215D10F48FFF742FEB4
:10BAE000D9F808305BB102228DF800200022CDE9A0
:10BAF0000126CDE90325CDF81480684698472046F5
:10BB000007B0BDE8F08306EB073000F0D9FD013740
:10BB1000E1E71124F3E700BFE05B002029DF704775
:10BB200028DF704770B50668B36886B004460D46D6
:10BB300073B114220021684608F0CDFBA368059379
:10BB40002379019533B1012B0ED0B368684698472D
:10BB500006B070BD01238DF8003023690293E368BD
:10BB6000039363690493F0E702238DF80030E368E0
:10BB70001B030293F5E7084670470020704700005A
:10BB8000024B187A003818BF01207047EC5B002088
:10BB9000034B187A0122B0FA80F05A7440097047BA
:10BBA000EC5B002008B510461A4608F061FC002046
:10BBB00008BD000008B514220021044808F08BFBE2
:10BBC0000348FFF712FD002008BD00BFEC5B00201A
:10BBD000005C002010B5094C094B43602046FFF77C
:10BBE000BEFD48B900F072FC064920741C230648CB
:10BBF0004FF4EE72FFF7E6FC002010BDEC5B002076
:10BC0000707D0F00105C0020005C002038B5224CD5
:10BC1000224D237A3BB922492248FFF742FD286092
:10BC200008B9606038BD022323722B681A7972B19B
:10BC3000012A22D028680321FFF774FF0023237212
:10BC40006360BDE8384016491648FFF755BDD3E993
:10BC50000520121A142AD3E9031328BF14229208CC
:10BC6000012A014438BF01221844FFF757FF50B1A1
:10BC70001128DFD101232372D4E7D3E90303184449
:10BC8000FFF74EFFF3E7237C002BCBD1BDE8384014
:10BC9000022000F009B800BFEC5B0020E85B002048
:10BCA000E45B0020005C002038B5224C237A002B96
:10BCB0003FD0022B09D103282ED01F4B00221B6836
:10BCC000E2601A793AB1012A20D0637C6BBBBDE8EF
:10BCD0003840FFF79BBFD3E905128D1A142D94BF8E
:10BCE000521914329A619142EFD102284FF00003A9
:10BCF00008BF19462372104B18BF0D211868FFF7B3
:10BD000011FF0E490E48FFF7F7FCDEE71A69013212
:10BD10001A615B699A42E7E7E3680133082B01D8AF
:10BD2000E360D2E70023E360DFE7BDE8384000F0DE
:10BD3000BDBB38BDEC5B0020E85B0020E45B00206D
:10BD4000005C0020831E012B01D8FFF7ADBF7047B8
:10BD500000F0FD03012B08D1044B00225A74421E4F
:10BD6000504250411874FFF751BF7047EC5B002000
:10BD700008B50648FFF7F3FC30B9054B5B7C1BB9EF
:10BD8000BDE80840FFF742BF08BD00BFF05B0020E0
:10BD9000EC5B00202DE9F34180460D460F4801A9D8
:10BDA00016461F46FFF743FC0446A8B11C2200219B
:10BDB00008F091FA2D0B0123237101A90748C4F85B
:10BDC0000080A760E5606661FFF75BFCFFF7D0FFCE
:10BDD000002002B0BDE8F0810420FAE7005C0020FA
:10BDE0002DE9F74381468846104801A917461E46AB
:10BDF000FFF71DFC0446B0B11C22002108F06BFACD
:10BE000000250A9BA36001A9C4E9037807482571AE
:10BE1000C4F800906661FFF734FCFFF7A9FF2846DD
:10BE200003B0BDE8F0830420FAE700BF005C002007
:10BE300038B50D46044618B908495020FFF7B6FB3F
:10BE40001DB906495120FFF7B1FB25602B686360DF
:10BE50006A68934208BF0023636038BDF66E0F0026
:10BE600010B5044618B90B496320FFF79FFB236800
:10BE70001BB908496420FFF799FB636843B1226846
:10BE800091680B4463605268934204BF002363606F
:10BE900010BD00BFF66E0F004FF08053D3F8302175
:10BEA000082A03BFD3F83401B0FA80F0400900201B
:10BEB00070470000024AD2F80034002BFBD07047D4
:10BEC00000E0014010B54FF08053D3F83021082A2C
:10BED0004ED14FF080420021C2F80C11C2F810116F
:10BEE000C2F8381502F54042D3F80414C2F8201500
:10BEF000D3F80814C2F82415D3F80C14C2F8281586
:10BF0000D3F81014C2F82C15D3F81414C2F8301555
:10BF1000D3F81814C2F83415D3F81C14C2F840151D
:10BF2000D3F82014C2F84415D3F82414C2F84815E5
:10BF3000D3F82814C2F84C15D3F82C14C2F85015B5
:10BF4000D3F83014C2F85415D3F83414C2F860157D
:10BF5000D3F83814C2F86415D3F83C14C2F8681545
:10BF6000D3F84014C2F86C15D3F84434C2F87035D5
:10BF7000FFF792FF18B1404B404AC3F88C26FFF7F9
:10BF80008BFF18B13E4BFB22C3F81825FFF784FF47
:10BF900058B14FF080424FF08051D2F8E43ED1F8D2
:10BFA000581261F30303C2F8E43EFFF775FF20B1B6
:10BFB000344B4FF40072C3F840264FF08053D3F84F
:10BFC0003031082B09D14FF08043D3F80024D20739
:10BFD00044BF6FF00102C3F800242B4AD2F8883026
:10BFE00043F47003C2F88830BFF34F8FBFF36F8FF5
:10BFF0004FF08053D3F83021082A0BD1D3F83431D5
:10C00000032B81BF4FF01023D3F808224FF0804359
:10C01000C3F858254FF01023D3F80022002A03DB81
:10C02000D3F80432002B22DA184901234FF01020F4
:10C03000C1F804351224FFF73DFFC0F80042FFF7B6
:10C0400039FFC0F80442FFF735FF0023C1F804357B
:10C05000FFF730FFBFF34F8F0B490D4BCA6802F457
:10C06000E0621343CB60BFF34F8F00BFFDE7094B86
:10C07000094A1A6010BD00BF00500040488103000B
:10C0800000F000400090024000ED00E000E00140C0
:10C090000400FA05785900200090D00338B520221A
:10C0A000044608300D4608F0E3F92022A91804F1EF
:10C0B000280008F0DDF9002038BD00002DE9F3412B
:10C0C0001B4D98461B4B036004460E462846012133
:10C0D0001746FFF721FBBFF35F8F30BB00F0F6F888
:10C0E0003B46089ACDF8008006F10801204606F08C
:10C0F000E3F9044600F0F8F82B68012B03D00E4951
:10C100009320FFF753FABFF35F8F00232B6044B1F6
:10C110000A4948F2425248F216538C420CBF144668
:10C120001C46204602B0BDE8F08148F20454F8E70E
:10C13000EC6D0020DD55AABB4E6F0F008408F000A7
:10C140000E4B984214D00AD8B8B10D4948F2165295
:10C1500048F20153884214BF104618467047094BF5
:10C16000984208D0084948F2165248F20353F1E7C2
:10C1700048F20350704748F2025070470102F00045
:10C180000002F0000202F0000F02F00008B50830D3
:10C1900006F0FCF9BDE80840FFF7D2BF10B5064C29
:10C1A0002368012B03D005499320FFF7FFF9BFF364
:10C1B0005F8F0023236010BDEC6D00204E6F0F00D9
:10C1C00013681F2B70B505460E46144619D9012178
:10C1D0000F48FFF7A1FABFF35F8FA8B900F076F818
:10C1E000314605F1080006F03DFA054600F07CF8FE
:10C1F000FFF7D4FF2846FFF7A3FF08B920232360E9
:10C2000070BD48F21450FBE748F20450F8E700BF55
:10C21000EC6D00202DE9F04105460E46184801213D
:10C220001446FFF779FABFF35F8F20BB00F04EF89A
:10C23000DFF850800835B4F5805F274628BF4FF4FB
:10C24000805731463A46404608F012F93A46414690
:10C25000284606F0B5F9E41B3E4450B9002CEAD15B
:10C2600000F042F8FFF79AFF2046BDE8F041FFF7E3
:10C2700067BF0446F4E748F20450BDE8F08100BF10
:10C28000EC6D0020EC5D0020024B0020C3F800059F
:10C29000704700BF00A0025038B50A4B00251D6052
:10C2A000BFF35F8F084C0123C4F8003506F00AFA8B
:10C2B000C4F8005520B1052848F2035018BF0320E8
:10C2C00038BD00BFEC6D002000A00250044B0122DD
:10C2D000C3F80025034B4FF480625A60704700BFDB
:10C2E00000A0025000E100E0064B0022C3F8002548
:10C2F000054B4FF48062C3F88420BFF34F8FBFF328
:10C300006F8F704700A0025000E100E010DF70471F
:10C3100011DF704713B5044609496846FFF788FDE9
:10C32000019808B902B010BDD0E900312046984705
:10C3300018B16846FFF794FDF2E71120F2E700BF5D
:10C34000B87D0F0013B5044607496846FFF770FD36
:10C35000019B0BB902B010BD2046D3E900219047E4
:10C360006846FFF77DFDF3E7AC7D0F00084B9A6848
:10C3700022B11A6822F480021A607047054B4FF40C
:10C380008002C3F88020BFF34F8FBFF36F8F7047D9
:10C39000D45B002000E100E00B4991F81623EC2368
:10C3A00052091341DB0706D5084B9A683AB94FF496
:10C3B00080030B60704742F2020000F09FBB1A68D6
:10C3C00042F480021A60704700E100E0D45B002074
:10C3D000F7B5194F3C7864BB184E012520463570DF
:10C3E000FFF798FF112821D02046FFF7ABFF144B31
:10C3F0008DF80340186801900DF10300FFF76CF809
:10C40000104901A8FFF782FF0446B0FA80F0400906
:10C4100038709DF80300FFF78DF83CB90A4B347073
:10C420001C70FFF7B9FF2846FFF78CFF204603B0CA
:10C43000F0BD0824FAE700BFF26D0020F06D002087
:10C44000C47D0F0061CA0E00F16D0020F7B5154FD5
:10C450003B781BB3144E01203070FFF75BFF1128AF
:10C460004FF000051CD00220FFF76CFF0DF1070014
:10C470008DF80750FFF730F8FFF74AFF04469DF8A4
:10C4800007003D70FFF756F82CB903203470FFF712
:10C490006DFFFFF757FF204603B0F0BD0824FAE711
:10C4A0002C46F8E7F26D0020F06D0020054B1B785C
:10C4B00033B1054B1B780BB1FFF7C8BFFFF788BF3F
:10C4C00008207047F06D0020F26D0020014B1878B5
:10C4D000704700BFF26D002007B508496846FFF7B6
:10C4E000A7FC019B13B903B05DF804FBD3E900205E
:10C4F00090476846FFF7B4FCF3E700BFA07D0F004C
:10C50000FFF7EABF60DF704769DF704761DF7047A0
:10C5100030B5134DADF5017D4FF4FA740DF1020104
:10C5200003A8ADF80240FFF7F1FF70B9294601A852
:10C53000FFF77EFC029B002BF0D003A8D3E900217B
:10C54000904701A8FFF78CFCF4E7052805D00DF50E
:10C55000017DBDE8304000F0D1BA0DF5017D30BD60
:10C56000C87D0F00024B1B780BB1FFF7D1BF70479E
:10C57000F36D002018B1034B0360002070470E20BC
:10C58000704700BF78590020F0B5074685B00D46CA
:10C5900000295DD02F4B0B600C22002101A807F071
:10C5A0009AFE012606232A68ADF8083001A920204A
:10C5B0008DF804708DF80660FFF7A6FF0C220021AD
:10C5C00001A807F088FE00242A688DF8056001A9FB
:10C5D0004020ADF80640FFF797FF0C22214601A846
:10C5E00007F079FEF7232A68ADF8063001A9232069
:10C5F0008DF80470FFF788FF0C22214601A807F090
:10C600006AFE2A688DF8046001A93046FFF77CFFB6
:10C610000C22214601A807F05EFE4FF4B0632A68A1
:10C62000019301A9A120FFF76FFF0C22214601A869
:10C6300007F051FE9DF804302A6864F3000301A955
:10C64000A0208DF80430FFF75FFF204605B0F0BD55
:10C650000E20FBE77859002008B5FFF753FF10B90B
:10C66000014B01221A7008BDF36D00204BDF7047AB
:10C670001FB50E4C01A8FFF7F9FF70B9214602A8BB
:10C68000FFF7D6FB039B002BF4D00198D3E90021E0
:10C69000904702A8FFF7E4FBF4E7052804D004B0B4
:10C6A000BDE8104000F02ABA04B010BDD47D0F00E0
:10C6B000024AD2F80034002BFBD0704700E0014062
:10C6C0000A4908B50223C1F80435BFF36F8FBFF3E1
:10C6D0004F8FC1F80805FFF7EBFF0023C1F80435C1
:10C6E000BFF36F8FBFF34F8F08BD00BF00E0014065
:10C6F00010B5094C0123C4F80435BFF36F8FBFF3A5
:10C700004F8F0160FFF7D4FF0023C4F80435BFF357
:10C710006F8FBFF34F8F10BD00E0014070B50E4E1C
:10C7200001231546C6F80435BFF36F8FBFF34F8F53
:10C730000024AC4207D10023C6F80435BFF36F8F45
:10C74000BFF34F8F70BD51F8243040F82430FFF70D
:10C75000AFFF0134EDE700BF00E00140034620B128
:10C7600031B10020C1E90003704748F21050704712
:10C7700048F21350704730B1036848F240508B4282
:10C7800008BF0020704748F21050704728B148F2A7
:10C790001150914208BF0020704748F21050704776
:10C7A00070B506460C461D46FFF7D8FF50B9B37961
:10C7B0004AB1AB420AD111462046FFF76FFC08B9D7
:10C7C000044B236070BD48F21050FBE748F2115053
:10C7D000F8E700BF7052464D2DE9F0470C4605467C
:10C7E00014492046DDE9088916461F46FFF7C3FFB6
:10C7F00080B963685A79494652004046FFF7C6FF40
:10C8000040B99EB145B94FF4DA700B49FEF7CEFE40
:10C8100048F21550BDE8F087CDF820803B463246FF
:10C8200021462846BDE8F047FFF748BC48F21050C3
:10C83000F0E700BF7052464D896F0F0010B50446F7
:10C8400038B149B141600B68984708B9044B23607F
:10C8500010BD48F20150FBE748F21050F8E700BF66
:10C860006E524648F0B4134648B10768094EB742C5
:10C870000AD161B12AB14368F0BC5B68184748F23D
:10C8800001531846F0BC704748F20253F9E748F2EA
:10C890001053F6E76E524648F0B460B107680C4E8C
:10C8A000B7420CD171B143681568DC68A5420CD35E
:10C8B000F0BC9B68184748F20150F0BC704748F242
:10C8C0000250FAE748F21350F7E748F21450F4E741
:10C8D0006E5246482DE9F0410446DDE906781546DA
:10C8E0001E46FFF7ABFF60B9324629462046FFF7E8
:10C8F000B9FF30B9424639462046BDE8F041FFF75E
:10C90000CBBFBDE8F0810000F8B50A4F0A4C0B4ED2
:10C910000123E41B3370E4080025AC4203D1022359
:10C9200033700020F8BD57F8353098470028F9D10A
:10C930000135F2E728850F0030850F00F46D0020E7
:10C9400038B50D46044618B908493320FEF72EFEC7
:10C95000691E21442046814200D238BD03780A78FE
:10C9600000F8012B01F80139F5E700BFCE6F0F0089
:10C9700070B50D461446064618B90A494520FEF71B
:10C9800015FE1DB907494620FEF710FE621E32440F
:10C99000013DB24200D270BD15F8013F02F80139E5
:10C9A000F7E700BFCE6F0F0070B5164604460D4680
:10C9B000FFF7DEFF3246A919A019BDE87040FFF766
:10C9C000D7BF38B50D460446FFF7BAFF29466019B0
:10C9D000BDE83840FFF7B4BFBFF34F8F0549064BA2
:10C9E000CA6802F4E0621343CB60BFF34F8F00BF0D
:10C9F000FDE700BF00ED00E00400FA0508B5044BB8
:10CA0000D3F8F030DB0700D500BEFFF7E5FF00BF2D
:10CA100000ED00E010B502685309044618D0012B60
:10CA20004FF6FF7318BF002302F01F02D340DB074D
:10CA300004D409494FF4F670FEF7B8FD23681F2BA4
:10CA400083BF03F01F03236004484FF0A04010BDD4
:10CA50004FF0FF33E8E700BF14700F0000030050F1
:10CA60001C4DEB7883B506460F469046D3B11A4C61
:10CA70001A492368D86807F099FB2B78A3B9236873
:10CA80001749D86807F092FB2068CDF80080154957
:10CA9000C0683B46324607F089FB23681249D868D4
:10CAA00007F084FBFFF7AAFF2B782268012BD068E0
:10CAB00005D10E4A0E49762307F078FBE4E72B7880
:10CAC000022BE1D176230093084A0A4B0A4907F06A
:10CAD0006DFBD9E77C590020D059002046700F002B
:10CAE00089700F0099700F0092700F00597E0F002F
:10CAF00053700F005D700F007D700F001A4DEB78C2
:10CB000007B50646BBB1194C19492368D86807F028
:10CB10004DFB2B788BB923681649D86807F046FB84
:10CB200023681549D868324607F040FB236813494B
:10CB3000D86807F03BFBFFF761FF2B782268012BD9
:10CB4000D06805D10E4A0F497D2307F02FFBE7E798
:10CB50002B78022BE4D17D230093094A0A4B0B4921
:10CB600007F024FBDCE700BF7C590020D0590020EF
:10CB700046700F0089700F00D0700F0092700F0088
:10CB8000427E0F0053700F005D700F007D700F002C
:10CB900030B54FF080430122C3F878254FF01023C1
:10CBA000504CD3F8043303F00703052B85B054D061
:10CBB000A378BBB14C4D4D492B68D86807F0F6FA05
:10CBC0002378002B33D12B684949D86807F0EEFA57
:10CBD0002B684849D86807F0E9FA2B684649D868B5
:10CBE00007F0E4FA454DC82445F001054FF47A40BA
:10CBF000A847013CFAD1424A0123C2F80435D2F8D1
:10CC00000034002BFBD04FF01021D1F8043323F077
:10CC1000070343F00503C1F804330023C2F80435C9
:10CC2000374AD2F80034002BFBD0FFF7D5FE23782B
:10CC30002A68012BD06805D1324A3349922307F084
:10CC4000B5FAC5E72378022BC2D1922300932D4A6F
:10CC50002E4B2F4907F0AAFABAE76378B3B1224DF9
:10CC60002C492B68D86807F0A1FA237823BB2B68DE
:10CC70001F49D86807F09AFA2B682749D86807F047
:10CC800095FA2B682549D86807F090FA142403A870
:10CC90000394FFF7BFFE039B039403F5E0730322A5
:10CCA00040F8232003A8FFF7B5FE039A0123934021
:10CCB000C0F8083505B030BD23782A68012BD0684C
:10CCC00005D1104A10499F2307F070FAD4E7237862
:10CCD000022BD1D19F2300930A4A0C4B0C4907F039
:10CCE00065FAC9E77C590020D0590020EB700F008D
:10CCF00089700F00F8700F0092700F00307E0F00E7
:10CD000000E00140367E0F0053700F005D700F0091
:10CD10007D700F0033710F0039710F0096700F0096
:10CD200073B52D4D2D4E00F0EFF801236B70FFF71A
:10CD30002FFF4FF47A7446F001064FF47A40B04763
:10CD4000013CFAD101F056FE4FF48051204601F02B
:10CD50005BF808B1FFF7D2FE2148C0F57E2101F053
:10CD600053F80028F6D16B78D3B11E4C1E492368C6
:10CD7000D86807F01BFA2B78C3B923681B49D86819
:10CD800007F014FA1A4B206800931A4B1A49C0682E
:10CD90001A4607F00BFA23681849D86807F006FA14
:10CDA00004F0C8FF002000F0E1FAD3E72B782268F6
:10CDB000012BD06805D1124A1249DB2307F0F6F99E
:10CDC000E0E72B78022BDDD1DB2300930C4A0E4BDE
:10CDD0000E4907F0EBF9D5E77C590020307E0F00B3
:10CDE00000B00E00D059002033710F0089700F0081
:10CDF00073710F005B710F005E710F0096700F0072
:10CE0000207E0F0053700F005D700F007D700F00CB
:10CE100037B50378022B33D1304DEB78002B5AD045
:10CE20002F4C30492368D86807F0C0F92B788BB9AC
:10CE300023682D49D86807F0B9F923682B49D868C9
:10CE400007F0B4F923682A49D86803B0BDE8304038
:10CE500007F0ACB92B782268012BD06805D1254AA0
:10CE600025492B2307F0A2F9E7E72B78022BE4D121
:10CE70002B2300931F4A214B214907F097F9DCE748
:10CE8000012B28D1154DEB782BB3154C1549236890
:10CE9000D86807F08BF92B783BB923681249D8681A
:10CEA00007F084F923681749C9E72B782268012B1A
:10CEB000D06805D10F4A1049332307F077F9F1E71D
:10CEC0002B78022BEED1332300930A4A0B4B0C49EB
:10CED00007F06CF9E6E703B030BD00BF7C590020D5
:10CEE000D059002046700F0089700F009D710F000F
:10CEF00092700F00717E0F0053700F0076710F005B
:10CF00007D700F00B6710F0030B54FF0A043114D8A
:10CF10000C22C3F840270FCD8BB004AC0FC40E4BCE
:10CF2000009395E803004FF4807301930B4B029339
:10CF30004FF4805384E803000393094A07236946AA
:10CF400004A804F051FB044608B1FFF7D7FD2046C2
:10CF50000BB030BD847E0F00F57D0020F56D002004
:10CF600011CE0E0070B50D4614460E46731B9C4242
:10CF700001DC204670BD16F8010B04F0B9FBF5E7A3
:10CF800010B50C46204604F08DFB0528FAD0012090
:10CF900010BD000038B1054B0360054B4360012311
:10CFA0000372002070470E20704700BFDBCF0E00D9
:10CFB000B5CF0E0069B10B78022B0CD1022804D03A
:10CFC000032814BF08201120704703230B70002092
:10CFD00070470E2070470820704710B50C4681B18D
:10CFE0000B78012B06D00ED9033B012B94BF0820F0
:10CFF000112010BD03F00AFA0028FAD10223237091
:10D00000F7E70E20F5E70820F3E7000070B5816927
:10D01000124B134A11F8025C0446D21A45B9006952
:10D020000C21B2FBF1F200218A4204D1012010E070
:10D030004FF0FF30F4E71E68AE420CD1461C02D020
:10D040005E68864207D19D68D4E90001D4E90223D5
:10D05000A847206070BD01310C33E5E738850F002B
:10D0600044850F001EF0040F0CBFEFF30880EFF3B0
:10D070000980FFF7CBBF00BF41DF7047014B0122A2
:10D080001A7070471C830020BFF34F8F0549064B71
:10D09000CA6802F4E0621343CB60BFF34F8F00BF56
:10D0A000FDE700BF00ED00E00400FA0538B5054DCE
:10D0B000044645F001054FF47A40A847013CFAD1F7
:10D0C00038BD00BFA07E0F0037B51E4D6B78B3B1E1
:10D0D0001D4C1E492368D86807F068F82B78D3B92F
:10D0E00023681B49D86807F061F823681949D86894
:10D0F00007F05CF823681849D86807F057F8322021
:10D10000FFF7D4FF154B164800221A7003B0BDE894
:10D11000304003F03FB92B782268012BD06805D14D
:10D12000104A1149962307F041F8DEE72B78022BCD
:10D13000DBD1962300930B4A0C4B0D4907F036F8D0
:10D14000D3E700BF7C590020D059002033710F0075
:10D1500089700F000D720F0096700F001C83002065
:10D1600089D00E00A67E0F0053700F00C6710F000D
:10D170007D700F00042873B504460BD802282AD806
:10D180007CD0414B1B68002B7BD0204602B0BDE811
:10D1900070401847831F012BF3D83C4E7378BBB106
:10D1A0003B4D3C492B68D86807F000F83378002BDA
:10D1B0004ED12B683849D86806F0F8FF2B683749FC
:10D1C000D86806F0F3FF2B683549D86806F0EEFF03
:10D1D000FFF77AFFD5E72D4E7378B3B12C4D2D496B
:10D1E0002B68D86806F0E2FF3378DBB92B682A4950
:10D1F000D86806F0DBFF2B682A49D86806F0D6FF0E
:10D200002B682749D86806F0D1FF274B19684FF4DF
:10D210007A720023C803490C09F086FC234900F008
:10D2200013FFAEE733782A68012BD06805D1204A76
:10D230002049B92306F0BAFFDDE73378022BDAD1B3
:10D24000B92300931A4A1C4B1C4906F0AFFFD2E7E2
:10D2500033782A68012BD06805D1154A1549C023B7
:10D2600006F0A4FFAAE73378022BA7D1C0230093CE
:10D270000F4A114B114906F099FF9FE702F0C8FFD2
:10D280007FE702B070BD00BF208300207C590020E2
:10D29000D059002033710F0089700F0037720F00D2
:10D2A00096700F0023720F0018830020C1D20E0069
:10D2B000CD7E0F0053700F00C6710F007D700F0000
:10D2C00037B51E4D6B78B3B11D4C1E492368D86825
:10D2D00006F06CFF2B78DBB923681B49D86806F091
:10D2E00065FF23681949D86806F060FF236818496C
:10D2F000D86806F05BFF174B0020986503F00CF828
:10D3000008B1FFF7FBFB03B0BDE83040FFF7DCBE20
:10D310002B782268012BD06805D10F4A0F49A7232B
:10D3200006F044FFDDE72B78022BDAD1A723009328
:10D33000094A0B4B0B4906F039FFD2E77C59002014
:10D34000D059002033710F0089700F0043720F0015
:10D3500096700F00F49A0020B77E0F0053700F00F4
:10D36000C6710F007D700F0000207047F0B59F4B15
:10D3700089B01860002003F023F8002840F09D8455
:10D380009B4C6378C3B19B4D9B492B68D86806F0D2
:10D390000DFF2378002B40F0F7802B689749D86861
:10D3A00006F004FF2B689649D86806F0FFFE2B684C
:10D3B0009449D86806F0FAFE0022182102A804F069
:10D3C00091FF0646002800F03F81E378CBB1894DFC
:10D3D0008D492B68D86806F0E9FE2378002B40F0D1
:10D3E000EC802B688549D86806F0E0FE2B688749F9
:10D3F0003246D86806F0DAFE2B688549D86806F010
:10D40000D5FE4FF08043D3F800646378CBB1794DFB
:10D4100079492B68D86806F0C9FE2378002B40F0C4
:10D42000E8822B687549D86806F0C0FE2B687949F8
:10D43000D868324606F0BAFE2B687249D86806F002
:10D44000B5FEB00740F107836378D3B1694D6A49EF
:10D450002B68D86806F0AAFE2378002B40F0E28201
:10D460002B686649D86806F0A1FE28686A4B6B49AC
:10D47000C068002206F09AFE2B686249D86806F060
:10D4800095FE4EF66023664E336001F05DF901288B
:10D4900000F01184022831D0002840F00E844FF0B3
:10D4A0008043D3F80024D10340F142834FF480320B
:10D4B000C3F8002400275B4D2B6A012B00F0648326
:10D4C000E378C3B14B4D50492B68D86806F06EFE27
:10D4D0002378002B40F0D6832B684849D86806F0A3
:10D4E00065FE2B685049D86806F060FE2B684849F5
:10D4F000D86806F05BFE4EF6602333604FF0804341
:10D500004FF0FF32C3F8002401F0B8FA474A202157
:10D510001820FDF717FF08B1FFF7F0FA4FF080432E
:10D52000D3F81C2502F0F902B12A02BFD3F81C255A
:10D5300002F04E02C3F81C253A4B9A6D012A06D11F
:10D540000020986502F0E8FE08B1FFF7D7FAFFF770
:10D550000BFF002840F0B18331684FF47A7200234A
:10D56000C803490C09F0E0FA314900F06DFD31487B
:10D5700001F086FF002840F0A08301F0A5FAFDF736
:10D580006FFFFFF779FDF8E723782A68012BD06851
:10D5900006D1294A294940F2DB1306F007FE01E7CC
:10D5A0002378022B7FF4FEAE40F2DB130093224A75
:10D5B000234B244906F0FAFDF4E623782A68012B70
:10D5C000D06806D11C4A1D494FF4F07306F0EEFDF9
:10D5D0000CE72378022B7FF409AF4FF4F07300932C
:10D5E000154A174B174906F0E1FDFFE6208300209E
:10D5F0007C590020D059002033710F0089700F0032
:10D6000057720F0096700F0046700F007B720F006C
:10D6100092700F0099730F0000004E40AD730F0021
:10D6200018830020F49A0020F2730F00F87E002087
:10D63000C1D20E0075D10E00DA7E0F0053700F00BC
:10D64000C6710F007D700F009DF80830FE2B6378C7
:10D6500040F06281BBB1954D95492B68D86806F0C2
:10D66000A5FD2378002B4BD12B689249D86806F092
:10D670009DFD2B689049D86806F098FD2B688F496E
:10D68000D86806F093FD6378F3B1884D88492B681C
:10D69000D86806F08BFD2378002B49D12B6885498B
:10D6A000D86806F083FD069B286801939DF8083032
:10D6B00000938349079B049AC06806F077FD2B68A6
:10D6C0007E49D86806F072FD049800F067FE0646B1
:10D6D00000285DD0E378002B3FF493AE734D794979
:10D6E0002B68D86806F062FD2378002B38D12B68B0
:10D6F0007049D86806F05AFD2B687349324678E6BF
:10D7000023782A68012BD06806D1704A70494FF4FB
:10D71000F17306F04BFDACE72378022BA9D14FF44F
:10D72000F1730093694A6B4B6B4906F03FFDA0E72C
:10D7300023782A68012BD06806D1644A644940F2F4
:10D74000E31306F033FDAEE72378022BABD140F2B2
:10D75000E31300935D4A5F4B5F4906F027FDA2E7A4
:10D7600023782A68012BD06806D1584A584940F2DC
:10D77000EB1306F01BFDBFE72378022BBCD140F270
:10D78000EB130093514A534B534906F00FFDB3E797
:10D790006378BBB1454D46492B68D86806F006FD55
:10D7A0002378002B2FD12B684249D86806F0FEFC65
:10D7B0002B684A49D86806F0F9FC2B683F49D868BD
:10D7C00006F0F4FCFC230022182102A88DF8083092
:10D7D00004F086FD002846D0E378002B3FF411AE1C
:10D7E000324D38492B68D86806F0E0FC237813BB2B
:10D7F0002B683049D86806F0D9FC2B683849D868BE
:10D8000006F0D4FCF8E523782A68012BD06806D10D
:10D810002E4A2F4940F2ED1306F0C8FCC8E72378E2
:10D82000022BC5D140F2ED130093284A294B2A4917
:10D8300006F0BCFCBCE723782A68012BD06806D12F
:10D84000224A234940F2F11306F0B0FCD5E72378D1
:10D85000022BD2D140F2F11300931C4A1D4B1E49FA
:10D8600006F0A4FCC9E76378BBB1104D10492B68E2
:10D87000D86806F09BFC2378002B35D12B680D4926
:10D88000D86806F093FC2B681649D86806F08EFC21
:10D890002B680A49D86806F089FC0A20FFF706FCC5
:10D8A00004F01CFDFFF710FCABE500BFD0590020D1
:10D8B00033710F0089700F0086730F0096700F0090
:10D8C0009F720F0046700F00DE720F00DA7E0F00AD
:10D8D00053700F00C6710F007D700F0003730F00AF
:10D8E0003C730F0063730F0023782A68012BD06804
:10D8F00006D1974A974940F2F31306F057FCC2E766
:10D900002378022BBFD140F2F3130093904A924B3D
:10D91000924906F04BFCB6E7BBB1914D91492B689B
:10D92000D86806F043FC2378002B32D12B688E494F
:10D93000D86806F03BFC2B688C49D86806F036FCAA
:10D940002B688B49D86806F031FC6378F3B1844DBD
:10D9500084492B68D86806F029FC2378002B30D145
:10D960002B688149D86806F021FC069B2868019342
:10D970009DF8083000937F49079B049AC06806F021
:10D9800015FC2B687A49D86806F010FC04F0A6FC58
:10D9900037E523782A68012BD06806D16C4A6D4997
:10D9A0004FF4FD7306F002FCC5E72378022BC2D1C9
:10D9B0004FF4FD730093664A674B684906F0F6FB27
:10D9C000B9E723782A68012BD06806D1604A6149FB
:10D9D00040F2FB1306F0EAFBC7E72378022BC4D121
:10D9E00040F2FB1300935A4A5B4B5C4906F0DEFBA6
:10D9F000BBE723782A68012BD06806D1544A5549E1
:10DA00004FF4017306F0D2FB10E52378022B7FF46C
:10DA10000DAD4FF4017300934D4A4F4B4F4906F043
:10DA2000C5FB03E523782A68012BD06806D1484A54
:10DA3000484940F2072306F0B9FB16E52378022B8C
:10DA40007FF413AD40F207230093414A424B434910
:10DA500006F0ACFB09E5484B9B6D012B637834D194
:10DA6000C3B13F4D3F492B68D86806F09FFB237830
:10DA70009BB92B683C49D86806F098FB28683F4B57
:10DA80003F49C068002206F091FB2B683849D868EE
:10DA900006F08CFB41F29413F5E423782A68012BFD
:10DAA000D06806D12A4A2B4940F20A2306F07EFBB1
:10DAB000E4E72378022BE1D140F20A230093244AC1
:10DAC000254B264906F072FBD8E7B3B1244D254912
:10DAD0002B68D86806F06AFB23788BB92B6822493B
:10DAE000D86806F063FB2B682649D86806F05EFB11
:10DAF0002B681F49D86806F059FB4FF0FF33C2E48A
:10DB000023782A68012BD06806D1114A114940F2C6
:10DB1000112306F04BFBE6E72378022BE3D140F21A
:10DB2000112300930A4A0C4B0C4906F03FFBDAE73D
:10DB3000D3F8202502F0F902A92A06D1D3F820252E
:10DB400002F05602C3F82025B4E40127B3E400BF75
:10DB5000DA7E0F0053700F00C6710F007D700F004A
:10DB6000D059002033710F0089700F0083730F00AC
:10DB700096700F009F720F00F49A00200000124070
:10DB8000C3730F00DE730F004FF440535A687F4B8E
:10DB90009A4209D002F0C6FCAA69014697B17C48B6
:10DBA00002F0BAFF90B98BE46A6B1FB995F8603246
:10DBB000012BEFD077484FF4805102F0ADFF0028E1
:10DBC000E8D17DE495F8A132012BE8D133685A1CE5
:10DBD0007FF494AC4FF08042C2F8003402F04EFC67
:10DBE00000286DD16C4F00233B706378C3B16B4E3E
:10DBF0006B493368D86806F0D9FA2378002B40F0D7
:10DC0000928033686749D86806F0D0FA336866496D
:10DC1000D86806F0CBFA33686449D86806F0C6FACB
:10DC2000634802F0B7FB3B7823B9624940F26620B3
:10DC3000FDF7BCFC01230020AB6502F06DFB08B1D1
:10DC4000FEF75CFF6378BBB1544D55492B68D8682B
:10DC500006F0ACFA2378002B7ED12B685149D868A6
:10DC600006F0A4FA2B685449D86806F09FFA2B688E
:10DC70004E49D86806F09AFA3220FFF717FA00F0FA
:10DC8000A9F81AE023782A68012BD06806D14B4AFC
:10DC90004B4940F21E2306F089FA22E42378022B36
:10DCA0007FF41FAC40F21E230093444A414B454988
:10DCB00006F07CFA15E4FFF707FA032009B0F0BD7F
:10DCC000E378002B8ED0354E3F493368D86806F094
:10DCD0006DFA23787BB933683249D86806F066FA62
:10DCE00033683A49D86806F061FA33683849D86829
:10DCF00006F05CFA76E723783268012BD06806D10B
:10DD00002E4A2F494FF4187306F050FAE8E72378AB
:10DD1000022BE5D14FF418730093284A254B29496B
:10DD200006F044FADCE723783268012BD06806D18C
:10DD3000224A23494FF4197306F038FA66E723782C
:10DD4000022B7FF463AF4FF4197300931B4A194BF6
:10DD50001C4906F02BFA59E723782A68012BD06872
:10DD600006D1164A16494FF41B7306F01FFA79E7DD
:10DD70002378022B7FF476AF4FF41B7300930F4A86
:10DD80000C4B104906F012FA6CE700BFDBE5B1510D
:10DD9000959D0020549D00201C830020D059002018
:10DDA00033710F0089700F002C740F0096700F00F4
:10DDB0007DD00E00C6710F0042740F00DA7E0F0096
:10DDC00053700F007D700F0046700F0015740F0028
:10DDD00092700F0008B5094B4FF0FF32C3F8802056
:10DDE000C3F88021C3F88420C3F8842102F014F81A
:10DDF000BDE808404FF4805000F028B800E100E092
:10DE000080F308880847000070B50546C1F30B0091
:10DE1000A8B9B5F57F2F12D80B4E3268072A10D853
:10DE2000130103F1804404F5F0340132C4F80058C2
:10DE3000C4F804180221C4F80818326070BD072025
:10DE4000FCE70420FAE700BF2483002038B504462D
:10DE50001848C0F57F21FFF7D7FF08B1FEF74EFE47
:10DE600002F060FB144B996901F6FF716FF30B012F
:10DE700001440020FFF7C8FF08B1FEF73FFEEFF3B3
:10DE800005820023D4E9005483F3148883F31088B7
:10DE900083F3118883F31388C2F308021AB1074988
:10DEA0005820FDF783FB21462846BDE83840FFF7A0
:10DEB000A7BF00BF00B00E00F49A00206F740F00DF
:10DEC000B1F1807FF7B506460C4636D31D498F2049
:10DED000FDF76CFB6FF07F431B4FA34228BF234627
:10DEE000D7F80455E41A1D44631E942B98BF96344A
:10DEF0007460347B25F07F4598BF963D032C03D991
:10DF000010497720FDF752FB04F5A8734FF4F86031
:10DF100047F823500D4B43F0010398470C4BA200E8
:10DF2000134400221A601B680193019B4FF4803355
:10DF3000A340C7F8043303B0F0BD9529CAD80149FE
:10DF40009020C5E7C6740F0000400240F07E0F002D
:10DF5000404102401FB518490B7853BB4FF0804336
:10DF6000A024D3F81824D2035CBF01229A60134B7B
:10DF70000022C3F80021D3F8000103900398C3F8EE
:10DF80004021D3F8400102900298C3F84421D3F80D
:10DF90004401019001980A4880F824431024446009
:10DFA0000220C3F8082501229A601A60C3F804030E
:10DFB0000A7004B010BD00BF28830020004002405A
:10DFC00000E100E073B51B4BD3F8042152B11A49AC
:10DFD0000A6801320A600022C3F80421D3F8043130
:10DFE0000093009B154C164D164E2B6883B10023F1
:10DFF0002B602B68227B0193019B4FF4803393406D
:10E000000C4AC2F80833616849B12046FFF758FF4F
:10E010000435B54204F11004E7D102B070BDA16827
:10E0200011B12046FFF74CFF2368002BF0D0984732
:10E03000EEE700BF004002402C83002088590020FA
:10E04000404102404841024070B50B4B1D682A7B9D
:10E050004FF480339340094A0E46C2F80833044611
:10E0600040B1FFF777FF2E6021462846BDE870409B
:10E07000FFF726BF70BD00BF84590020004002405A
:10E0800070B5074B1D680E46A8600446FFF762FF97
:10E090002E6021462846BDE87040FFF711BF00BF43
:10E0A00080590020014B01221A70704730830020F4
:10E0B0002DE9F04F814287B005460F46164635D10F
:10E0C000814DEB7823B90024204607B0BDE8F08FDE
:10E0D0007E4C7F492368D86806F068F82B787BB9B6
:10E0E00023687C49D86806F061F823687A49D868C3
:10E0F00006F05CF823687949D86806F057F8E2E73B
:10E100002B782268012BD06805D1754A75495223B6
:10E1100006F04CF8E9E72B78022BE6D15223009366
:10E120006F4A714B714906F041F8DEE703D26E4940
:10E130005620FDF73BFA36B1C5F30B031BB16A4914
:10E140005A20FDF733FA7B1BB3F5805F4FEA133497
:10E1500003D265495E20FDF729FA00F08FFC082CF8
:10E1600028BF082406F6FF7A2303DFF85C81DFF876
:10E170005CB103944FEA1A3A0593002EA3D0039B97
:10E18000534536BF039BCDF810A00493049938BFC4
:10E19000DDF814904FF00002284628BFB14601F088
:10E1A00005FE044600288FD198F80130FBB1DBF85A
:10E1B00000304F49D86805F0F9FF98F80030002B7F
:10E1C00050D1DBF800304349D86805F0EFFFDBF8A9
:10E1D0000000CDF800904749C0682B463A4605F04C
:10E1E000E5FFDBF800304449D86805F0DFFF09F1AE
:10E1F0000302002322F003023946284601F06AFD9B
:10E20000044600287FF460AF049B3C4AAAEB030A53
:10E21000136B4B44136302F0C3F8A6EB09064D449D
:10E220004F4404460028A8D098F80330002B3FF450
:10E230004BAF264D26492B68D86805F0B7FF98F8F4
:10E24000003043BB2B682349D86805F0AFFF2B682B
:10E250002B49D86805F0AAFF2B682049D86805F03B
:10E26000A5FF31E798F80030DBF80020012BD068DB
:10E2700005D11B4A1B497E2305F098FFA7E798F8B4
:10E280000030022BA3D17E230093154A164B174969
:10E2900005F08CFF9BE798F800302A68012BD068C6
:10E2A00005D10F4A0F49942305F080FFCFE798F876
:10E2B0000030022BCBD194230093094A0A4B0B491F
:10E2C00005F074FFC3E700BF7C590020D05900203F
:10E2D00046700F0089700F006D750F0092700F006F
:10E2E000F67E0F0053700F0018750F007D700F0041
:10E2F00033710F007C750F0096700F00F49A0020A8
:10E300009D750F0010B502F02BF9104A916C01F5C4
:10E3100000535C680E4B9C4212D1D2E90C329342FE
:10E3200011D0D21A02F6FF72194418446FF30B028F
:10E33000FFF7BEFE034620B9BDE8104002F030B83A
:10E340000323184610BD0023FBE700BFF49A00200A
:10E35000DBE5B15138B50F4BDA6A5D6A9C6CAC2ACB
:10E3600010D15B6B1C44ED1A0B482A46214605F080
:10E37000A2FF68B100F0A8FB29462046BDE838405E
:10E3800001F02CBD002CEFD102F0DCF80446EBE7E5
:10E3900038BD00BFF49A002000B00E002DE9F04F08
:10E3A000A04CC5B0064602F0BDF863788046C3B104
:10E3B0009D4D9E492B68D86805F0F8FE2378002B08
:10E3C00040F002812B689A49D86805F0EFFE2B686F
:10E3D0009849D86805F0EAFE2B689749D86805F097
:10E3E000E5FE6378D3B1904D90492B68D86805F06D
:10E3F000DDFE2378002B40F0FE802B688C49D86826
:10E4000005F0D4FE28688D49C0684346324605F0C1
:10E41000CDFE2B688849D86805F0C8FE36B1C8F330
:10E420000B031BB18649AC20FDF7C0F8854BDFF824
:10E4300040A206F6FF752D0B43F0010B002E00F0F5
:10E44000768129460022404601F0B0FC05460028AE
:10E4500040F0B680B6F5807F334628BF4FF4807316
:10E46000033323F0030303936378D3B16E4F6F49F3
:10E470003B68D86805F09AFE2378002B40F0FA80BC
:10E480003B686B49D86805F091FE3B686E49D868D7
:10E49000DAF8002005F08AFE3B686749D86805F085
:10E4A00085FEDAF800204FF4807104A803F01AFF0B
:10E4B0008146D8B1E378CBB15B4F64493B68D868FB
:10E4C00005F074FE2378002B40F0EB803B68584940
:10E4D000D86805F06BFE3B685D49D8684A4605F090
:10E4E00065FE3B685B49D86805F060FE04AF4FF0FD
:10E4F000400957F8041B584805F088FE09F1FF3918
:10E500004FF47A40D84719F0FF09F2D1039A4B46ED
:10E5100004A908EB050001F0DDFB074600B3E37832
:10E52000F3B1DFF804914949D9F80030D86805F013
:10E530003DFE2378002B40F0CB80D9F800303C49D9
:10E54000D86805F033FED9F800304449D8683A4617
:10E5500005F02CFED9F800303E49D86805F026FEBB
:10E56000DAF8003005F5807503F58073AE42CAF81D
:10E5700000303FF679AF002F40F0DB80384601F0E5
:10E580000FFF0546002800F0D280E378C3B1264E85
:10E590002E493368D86805F009FE2378002B40F037
:10E5A000AF8033682249D86805F000FE33682C49F3
:10E5B000D86805F0FBFD33682649D86805F0F6FDFC
:10E5C000284645B0BDE8F08F23782A68012BD06833
:10E5D00005D1244A2449A72305F0E8FDF7E623786E
:10E5E000022B7FF4F4AEA72300931E4A144B1F495D
:10E5F00005F0DCFDEBE623782A68012BD06805D115
:10E60000184A1949A82305F0D1FDFBE62378022B0F
:10E610007FF4F8AEA8230093124A094B134905F082
:10E62000C5FDEFE67C590020D059002033710F0062
:10E6300089700F00D6750F0096700F00F1750F00EE
:10E6400018750F00107F0F0021760F0046700F0025
:10E6500048760F0092700F005A760F0062760F0016
:10E660009D750F00167F0F0053700F007D700F0017
:10E67000A859002023783A68012BD06805D12E4A8A
:10E680002E49CC2305F092FDFFE62378022B7FF480
:10E69000FCAECC230093284A294B2A4905F086FD7D
:10E6A000F3E623783A68012BD06805D1224A234942
:10E6B000CF2305F07BFD0EE72378022B7FF40BAF11
:10E6C000CF2300931C4A1E4B1E4905F06FFD02E745
:10E6D0002378D9F80020012BD06805D1164A1749B4
:10E6E000DF2305F063FD2EE72378022B7FF42BAFA9
:10E6F000DF230093104A124B124905F057FD22E721
:10E7000023783268012BD06805D10B4A0B49F323DB
:10E7100005F04CFD4AE72378022B7FF447AFF32343
:10E720000093054A064B074905F040FD3EE70025EA
:10E7300046E73D4644E700BF167F0F0053700F00C9
:10E7400018750F007D700F002DE9F347964DEB6AA9
:10E75000AA2B00F0228108D8012B10D0A52B00F0A5
:10E760001881002002B0BDE8F087AC2BF9D1FFF78B
:10E77000C9FD002840F00F81FFF7ECFD0BE18B4C49
:10E78000D5F82480D5F848A001F0CCFE2E6B637834
:10E7900000EB0609BBB1864F86493B68D86805F097
:10E7A00005FD2378002B37D13B688349D86805F0F5
:10E7B000FDFC3B688149D86805F0F8FC3B6880495E
:10E7C000D86805F0F3FC2B6B0AEB0301894514BFF5
:10E7D000A8EB060200224846FFF76AFC064600281E
:10E7E0004AD0E378002B70D0714E76493368D868F0
:10E7F00005F0DCFC23783BBB33686F49D86805F033
:10E80000D5FC33687049D86805F0D0FC33686F498F
:10E81000D86805F0CBFC58E023783A68012BD06823
:10E8200006D16B4A6B494FF4877305F0BFFCC0E714
:10E830002378022BBDD14FF487730093644A664B53
:10E84000664905F0B3FCB4E723783268012BD06841
:10E8500006D15F4A5F494FF48D7305F0A7FCD0E7FE
:10E860002378022BCDD14FF48D730093584A5A4B25
:10E870005A4905F09BFCC4E701F054FE324641467C
:10E88000FCF778FEAB6A9842074652D16378BBB179
:10E89000474E48493368D86805F088FC2378002B38
:10E8A0002FD133684449D86805F080FC33684C495F
:10E8B000D86805F07BFC33684149D86805F076FCE0
:10E8C0000123C5E90773C5F8188000264548464F5F
:10E8D00001F01CFE002345483B7001F061FD3B78D0
:10E8E000044623B93C4940F20D20FCF75FFE002CA2
:10E8F00056D1002E56D02B6A012B0CBF02200120CE
:10E9000030E723783268012BD06806D1304A31498C
:10E9100040F2231305F04AFCC8E72378022BC5D147
:10E9200040F2231300932A4A2B4B2C4905F03EFC5E
:10E93000BCE7E378002BC8D01D4E22493368D86865
:10E9400005F034FC237863B933681B49D86805F0B7
:10E950002DFC3068AA6A2649C0683B4605F026FCB3
:10E9600054E723783268012BD06806D1184A194938
:10E970004FF4957305F01AFCEBE72378022BE8D1EE
:10E980004FF495730093124A134B144905F00EFC93
:10E99000DFE7FFF7B7FC012698E7FFF7DBFC94E71A
:10E9A0000320DFE60120DDE6F49A00207C590020F8
:10E9B000D059002033710F0089700F0076760F0058
:10E9C00096700F0046700F0091760F0092700F0046
:10E9D000017F0F0053700F0018750F007D700F003E
:10E9E000AA760F00189B002030830020A5E00E00BF
:10E9F000BF760F0010B50024D4F8F83F013304D1DE
:10EA0000084940F6F870FDF773FED4F8FC3F013377
:10EA100007D1BDE810404FF47E2140F6FC70FDF7B1
:10EA200067BE10BD00B00E000A4AD2F800347BB1B8
:10EA300009480023D2F80815D940C90748BF03F593
:10EA4000C07103F1010348BF42F82100072BF1D147
:10EA5000704700BF000001403546526EFFF7E4BF2B
:10EA6000054B002282B0C3F80021D3F80031019396
:10EA7000019B02B0704700BF0000014038B50E4C4A
:10EA80002378BBB90D4BD3F800248AB1D3F80455D1
:10EA9000FFF7CAFF40F61650A842B8BF28460849FB
:10EAA000A0F54860FFF7ECFA064B4FF480321A608D
:10EAB0000123237038BD00BF3183002000000140D6
:10EAC0005DEA0E0000E100E0034BD3F800340BB127
:10EAD000FFF7AABF704700BF000001400023C0E954
:10EAE0000232C0E900118B881A440261B1F9063084
:10EAF0001A4442610888003818BF0120704710B5D9
:10EB000042681188034641B102F110014160118A47
:10EB100029B9C2680168FFF7E1FF002010BD9078B5
:10EB2000118900F03004302C1BD1947C04F03004A7
:10EB3000302C1DD190881969091A1961002190782B
:10EB400010F0300F02BF986801309860908A084436
:10EB5000196901441961B2F9162011445961012063
:10EB6000DCE700F0F004202C02D150894143E6E7B5
:10EB700000F0C000802808BF0421E0E770B54668B7
:10EB800004460D4663681A88AA4204D19B7803F0B4
:10EB90000F03082B07D12046FFF7B1FF6368B3428C
:10EBA000F0D1002070BD0120FCE743681A444260A8
:10EBB00011B101399A4201D10120704713F8010BBC
:10EBC00001F8010FF6E710B5836804460BB9002081
:10EBD00010BD0368012298470028F8D0A368013BC4
:10EBE000A360F5E72DE9F3410F460DF107018046DB
:10EBF000FFF7E9FF054620B90025284602B0BDE829
:10EC0000F0819DF907309DF80740002B13DA04F0DE
:10EC10007F0407260DF107014046FFF7D4FF0028C7
:10EC2000EAD09DF8072002F07F03B3401C4313068F
:10EC300006F1070601D43C60DFE7232EEAD1DBE7CB
:10EC400070B54268927802F00F01082986B0034639
:10EC50001FD103691C6800260CB906B070BD23687B
:10EC600026739D68626829466846FFF737FF636828
:10EC7000049304F10C030593AB7803F0C003802BDD
:10EC800008BF231D684608BF0493FFF7D9FFA46897
:10EC9000E2E73F2A28D802F03001102911D1426959
:10ECA000002111705A6818699378D46803F00F0333
:10ECB000072B0CD10146204606B0BDE8704000F09D
:10ECC0001FB89106EED5436900221A80C5E7128964
:10ECD000214624B106B0BDE8704005F0C9BB06B0BE
:10ECE000BDE8704005F0F7BA02F0C0018029B4D148
:10ECF000006900210160920644BF5B691980ACE79E
:10ED00007FB50A4601466846FFF7E8FE30B168461F
:10ED1000FFF796FF6846FFF7F2FEF7E707B05DF8EA
:10ED200004FB000030B5044685B01546A9B9026859
:10ED3000114B9A4211D0102D06D82A46694620461A
:10ED4000FFF7F0FF05B030BD102269462046FFF7FF
:10ED5000E9FF0028F6D0103DEDE7A368AB4201D2F1
:10ED60000020EFE723682A46204698470028F7D07E
:10ED7000A3685B1BA360E5E7ABEB0E002DE9F34155
:10ED80000F4601A980461646FFF72CFFA0B1019C53
:10ED9000621C4FF0000504D2BB7803F0C003802B47
:10EDA00001D1284608E03B899342FAD322463146F6
:10EDB0004046FFF7B7FF355502B0BDE8F08173B5A7
:10EDC0000D4601A906461446FFF70CFFB0B1019AA3
:10EDD000B2F5803F12D2AB7803F0C003802B02F172
:10EDE00002010BD02B898B4208D32146304621F8F3
:10EDF000022B02B0BDE87040FFF794BF002002B0C4
:10EE000070BD000010B5034C82600022C0E90041D3
:10EE1000C26010BDABEB0E002DE9F34100250646A4
:10EE20000F46A8462C460DF107013046FFF7CBFEF2
:10EE3000C0B19DF807C0A4F120030CF07F02C4F11B
:10EE4000200102FA03F322FA01F10B43A2401CF065
:10EE5000800F45EA020543EA080804F1070404D1DB
:10EE6000C7E9005802B0BDE8F081462CDBD1002094
:10EE7000F8E737B50D4669461446FFF7CDFFA8B150
:10EE80002B89013B072B20D8DFE803F01A161F124D
:10EE90001F1F1F04DDE90032C4E90032DDE9000173
:10EEA000914208BF98420CBF0120002003B030BD42
:10EEB000009B23600022F1E7009B23809BB2F9E7CF
:10EEC000009B237003F0FF03F4E70020EEE737B563
:10EED0000D4669461446FFF79FFF30B12B89082B7A
:10EEE000DDE9001203D1C4E9001203B030BD022BEA
:10EEF0004FEAE1700FD0042B03D0012B0FD000207C
:10EF0000F3E721600B460246824208BF8B420CBFEA
:10EF100001200020E9E70BB22380DA17F4E74BB2B7
:10EF20002370FAE7F7B51F4600233B700D460B70C0
:10EF3000136001A904461646FFF754FE38B9A368CA
:10EF400013B1002003B0F0BD01233B70F9E7019C31
:10EF5000002CF9D0E30804F0070433602C70F1E7CB
:10EF600013B50446052921D8DFE801F0030F172067
:10EF7000201E012201A92046FFF7D4FE18B19DF9F9
:10EF80000430002BF5DB02B010BD08220021204622
:10EF900002B0BDE81040FFF7C5BE01A9FFF722FE91
:10EFA0000028F0D0019AF1E70422EFE70020EAE719
:10EFB00073B50D4601A90446FFF714FE064618B9BD
:10EFC0000026304602B070BD94E80F0085E80F00BF
:10EFD00001998A42F4D3A960A3685B1AA360F0E7A1
:10EFE0002DE9F043D2F804C09CF8023013F0C00EB3
:10EFF00089B006460C46154604D0BEF1400F6BD0D2
:10F00000002445E003F00F02604903F03003202B99
:10F0100051F8227023D007D8DBB92A6961463B46F4
:10F0200009B0BDE8F0431847302BE9D16B69BCF853
:10F0300000101980072A0AD16B6828691A8971465D
:10F0400005F049F96B682969D868FFF759FE2A6904
:10F050003FE06B6901221A702A696968DFE7022CB8
:10F06000D5F8148027D1042A25D804A9FFF7A0FFDA
:10F0700004460028C4D0069B2BB16968B8F800305C
:10F080004A899A4208D8059B7360069B002BB7D12A
:10F09000204609B0BDE8F08308892A6903FB0022F5
:10F0A00004A8B84728B1B8F800300133A8F80030F8
:10F0B000E1E70446E7E7B8F80030BCF80A209A42D6
:10F0C0009ED92A69BCF80810581CA8F8000003FB58
:10F0D000012269683046A2E7D2F81080474657F807
:10F0E000043B23B909B0BDE8F043FFF739BF02295B
:10F0F00014D104A9FFF75CFF002881D0D8F80030B4
:10F1000069683A4604A89847044600283FF478AF57
:10F11000069B002BF2D1059B7360B9E7012925D02E
:10F1200005292BD000297FF46BAF0DF104090134C0
:10F130000B2C3FF465AF012249463046FFF7F2FD44
:10F1400000283FF45DAF19F9013B002BEFDB104BBA
:10F15000049301ABCDE9053400230793D8F80030C0
:10F1600069683A4604A89847044691E7082201A92D
:10F17000FFF7D8FD08240028E9D141E704220DEB70
:10F180000201FFF7CFFD0424F5E700BF2C7F0F003D
:10F19000ABEB0E002DE9F04790B00446002604A822
:10F1A000CDE90266FFF79AFCA3683BBBDDE90534B5
:10F1B00004A89D78FFF7A3FC0028F7D115F0300FC5
:10F1C00003D1059B1B8803B10134002C00F0B480EF
:10F1D000630902A90022934240F0A78010AA02EB23
:10F1E000830304F01F0453F8383CC4F120044FF0AB
:10F1F000FF30E040C31A584258410DE00DF10303BF
:10F2000001AA0DF102012046FFF78CFE38B99DF8E6
:10F210000330002BCAD1002010B0BDE8F087019F59
:10F2200004A83946FFF7AAFC002857D1B7424CD3AF
:10F23000059D059A937803F00F03082B7ED004A850
:10F24000FFF75DFC059B9D42F3D14FF0FF36B742BF
:10F250009DF8029039D3089BD4F808801D68A368F4
:10F2600085B39845A0D12B68D3F800A0BAF1000F60
:10F2700008D04B463A4629462046D0470028CAD0F7
:10F28000AD68ECE7D3F808A0BAF800309F42F7D198
:10F290006A6851460AA8FFF721FC6B680E9305F1D6
:10F2A0000C030F939AF8023003F0C003802B04BFC5
:10F2B0002B1D0E9301232B730AAA49462046FFF704
:10F2C0008FFEDBE798457FF46FAF9DF80210204674
:10F2D000FFF746FE00287FF467AF9CE7059B9B780D
:10F2E00013F0300F0FD1069A3F2A0CD8510910ABFA
:10F2F00003EB810102F01F020123934051F8382CE7
:10F30000134341F8383CD4F80C809DF80250B8F112
:10F31000000F04D004AB2A4639462046C04704AA51
:10F3200029462046FFF75CFED4E751F8040B013074
:10F330007FF471AF01324EE701206DE7168886E752
:10F3400070B50C460646154611462046FFF7D8FC18
:10F350002A4621463046BDE87040FFF71BBFF0B596
:10F3600085B0CF680C46694605461646FFF720FE75
:10F3700068B1E06858B1A37803F03003202B32461F
:10F380003946684605D1FFF7DBFF019B6B6005B08E
:10F39000F0BDFFF7FFFEF8E713B50C466946FFF72F
:10F3A0003BFD60B1DDE900134A0842EAC372C907B8
:10F3B0004FEA530344BFD243DB43C4E9002302B006
:10F3C00010BD37B50D4669461446FFF7E5FFA8B1F5
:10F3D0002B89013B072B1FD8DFE803F01A161E12FA
:10F3E0001E1E1E04DDE90032C4E90032DDE9000121
:10F3F000914208BF98420CBF0120002003B030BDED
:10F40000009B2360DA17F1E7BDF900302380F9E7AC
:10F410009DF900302370F5E70020EFE713B50422D3
:10F420000C460DEB0201FFF77DFC08B1019B236048
:10F4300002B010BD1146FFF7F1BF13B508220C460C
:10F440006946FFF76FFC18B1DDE90023C4E900232A
:10F4500002B010BD1146FFF7F0BF0000831F012B63
:10F4600010B5044602D8002001F038F8034B1B68A1
:10F470001BB12046BDE81040184710BD3483002062
:10F4800008B5074B18600020FFF7E8FF054801F0BA
:10F490000DF820B9BDE80840024800F05DBE08BD87
:10F4A000348300205DF40E006CDF70476DDF704721
:10F4B00072DF704773DF704774DF704775DF704726
:10F4C00076DF70477ADF70477CDF70477DDF7047FB
:10F4D0007FDF704786DF70478FDF704790DF7047B0
:10F4E000A8DF7047AADF7047ADDF7047AEDF704717
:10F4F000B0DF7047B1DF7047B5DF704762DF70473C
:10F5000066DF704713DF704701460148FCF79AB980
:10F5100044850F0070B518228CB000210DEB02005D
:10F5200004F0D9FE2823089316231F4CADF80630AB
:10F530000023CDF80E30CDF81230ADF8163002238E
:10F54000092606222370237159230125A2706371B5
:10F550000322FE230DF10601A0198DF818508DF835
:10F560002D500294ADF80C606570E270A371FFF746
:10F57000ADFFB8B9BDF8063026725A19E271BDF870
:10F580000C200A4C134402A906AA2046ADF80C3000
:10F59000FFF78EFF30B92078FFF78EFF20782946DD
:10F5A000FFF788FF0CB070BD38830020AC590020F5
:10F5B00038B515490B68024613F0010022D01348F4
:10F5C00082421ED0124A10884FF6FF72904213D02A
:10F5D00043F004030B601321FFF772FF90B90D4D48
:10F5E000C82445F001054FF47A40A847013CFAD100
:10F5F000BDE83840FCF72ABF074B1878FFF75CFFDF
:10F60000F6E7002038BD00BFC493002030850F000E
:10F61000AE59002010810F00AC590020F0B50388CE
:10F62000232B8BB0044635D80F2B04D8012B00F0C8
:10F63000F7800BB0F0BD103B132BFAD801A252F8A3
:10F6400023F000BFC5F60E00E3F60E0033F60E0001
:10F65000C5F70E0007F90E0033F60E0033F60E0064
:10F6600033F60E0033F60E0033F60E0015F90E00D9
:10F6700033F60E0033F60E0033F60E0033F60E00AE
:10F68000EFF70E0033F60E00FDF70E0033F60E0016
:10F69000ABF70E00503B9AB2062ACAD8062BC8D840
:10F6A00001A252F823F000BF0FF70E002DF80E0054
:10F6B00015F90E0033F60E0033F60E0067F70E0054
:10F6C0000DF80E00974D83882B80974B1B680BB16C
:10F6D00001209847954928880BB0BDE8F040FFF716
:10F6E000EDBE904B4FF6FF721A80914B1B685A0784
:10F6F00004D4FFF70FFF08B1FDF700FA8A4B1B682F
:10F70000002B96D002200BB0BDE8F0401847894E80
:10F71000E288B3889A428CD18748FCF765F80546A1
:10F72000002886D0228A04F1120104F0A1FE1822DA
:10F73000002104A804F0CFFD08238DF810307F4B82
:10F7400006937F4B0596CDE9073504A8238AADF8CB
:10F75000243000F0F7FC00283FF46BAF76482946D0
:10F76000FCF770F865E7E188F6291CD8CB1E9B07EB
:10F770000DD0CB1F9BB2013B5A4202F0030203F0B3
:10F78000030301F1FF3158BF5342C91A89B2654BD7
:10F790001888FFF7B1FE00283FF44BAF0BB0BDE86F
:10F7A000F040FDF7ABB9F721F1E70022808804A90A
:10F7B000CDE90422FFF792FE00283FF43AAFFDF7AF
:10F7C0009DF936E7574C02230493208802AB04AA24
:10F7D00042F605210593FFF787FE08B1FDF78EF984
:10F7E000002320881A468521FFF772FEE4E74D4B7F
:10F7F00000F108011888FFF761FECCE7002304A997
:10F800008088ADF81030FFF767FED5E7A379002BAD
:10F810007FF40FAF434B13211888FFF751FEBAE76F
:10F82000404B00211888FFF76BFEB4E7A379002B4B
:10F830003FF4FFAE022B7FF4FCAE3E4D2189AA8936
:10F8400091427FF4F6AEA27B012A7FF4F2AE4FF430
:10F8500080320592228A334EADF81820628AADF8C4
:10F860001A2004F11402079201AF298A3088049308
:10F8700002AA02930397FFF737FE60B9384601F0FA
:10F8800043FB40B940F2FD133088ADF8143004A9B1
:10F89000FFF72EFECDE6002304A93088ADF8143022
:10F8A000FFF726FE014600287FF4C3AE182204A805
:10F8B00004F011FD237D214A8DF81030022B0595AF
:10F8C000069219D0062B05D0012B06D004A800F013
:10F8D00039FCAEE6637D0893F8E71A4B1A881A4B99
:10F8E0001A80637DD4F816200893012B0992EDD17C
:10F8F000164800F0F3FDE9E7124AB4F8153013801A
:10F90000114A1380E2E700231A4619468088FFF760
:10F91000E1FD40E70023A0881A461946FFF7EAFDFB
:10F9200039E700BFAE590020A893002016810F00D0
:10F93000C4930020B093002044850F0091F90E007D
:10F9400009F50E00AE930020AC93002030850F0027
:10F950007FB50023CDF80B308DF80F300A4BADF892
:10F9600006109B89ADF8083001238DF80A300DF19F
:10F970000603CDE90430054B02A91888FFF7B6FD50
:10F9800007B05DF804FB00BFB0930020AE59002023
:10F9900030B50D4687B0044620B9404940F2871083
:10F9A000FBF704FE25B93D494FF4C470FBF7FEFD9B
:10F9B0001122002101A804F08EFC2378082B0BD122
:10F9C000374A384913880988013B9BB21380D9B163
:10F9D000D3B9032311802370627823788DF8053022
:10F9E0006021012A8DF804108DF806200ED00B2A14
:10F9F00012D100F0E9F98DF80700002000F0DEF9DF
:10FA0000042101A8FFF7A4FF07B030BD062B05D0E5
:10FA1000082B29D0032B27D00321F2E7E1688DF8CA
:10FA20000710D4E90123080A8DF80800080C090E14
:10FA30008DF80A10110A8DF80B208DF80C10110C9E
:10FA4000120E8DF80E201A0A8DF80F308DF8102046
:10FA50001A0C1B0E8DF80D108DF809008DF8112071
:10FA60008DF812300F21CCE7D4E90123110A8DF86B
:10FA700007208DF80810110C120E8DF80A201A0AB2
:10FA80008DF80B308DF80C201A0C1B0E8DF8091018
:10FA90008DF80D208DF80E300B21B2E707770F009F
:10FAA000AC930020AE9300202DE9F041054694B0C0
:10FAB00020B93E4940F24F40FBF778FD3C4B4FF6F2
:10FAC000FF721A8001204FF659632A4602A98DF869
:10FAD0000A00ADF80830FFF703FD0446002861D1A5
:10FAE000344B04AA03F110071646186859681446E7
:10FAF00003C40833BB422246F7D1A91C3046FFF7A6
:10FB0000FDFC044600284DD101461C220DA804F03E
:10FB1000E2FB9DF834300C9443F004038DF834304C
:10FB20000223ADF80C30AB788DF80E3003238DF83E
:10FB30000630F423CDE90A44ADF82C302B464FF4BF
:10FB4000885833F8040BADF8048003AF01AE08AA5F
:10FB50000DA908970996FFF7C5FC044610BB01469E
:10FB60001C220DA804F0B7FB18238DF834300123B4
:10FB7000ADF80C30AB788DF80E3013238DF80630CD
:10FB80001723CDE90A44ADF82C302B4608AA33F8E8
:10FB90000C0B0C940DA9CDE90876ADF80480FFF7A5
:10FBA000A1FC0446204614B0BDE8F08107770F00A1
:10FBB000AE5900201E810F0030B5334C236813F07E
:10FBC000010585B05DD1314B18603148FBF7CEFDA2
:10FBD000029500F014F900284CD12E48FFF792FC52
:10FBE000002847D1FCF7F4FB002843D102A8FCF71A
:10FBF000C1FC00283ED102A90120FCF7C5FC002869
:10FC000038D102A8FCF728FD002833D100F026FCEB
:10FC100030B1214800F016FC236843F00203236052
:10FC2000112302A88DF80430FFF740FC10BB9DF8AB
:10FC3000093002A801338DF80930FFF735FCC8B947
:10FC400023689B0718D514498869043182B201A83A
:10FC5000FFF73AFC70B91148FFF734FC50B910486F
:10FC6000FFF722FF30B9FFF755FC18B9236843F0BE
:10FC70000103236005B030BD0A4804F007FC0949C0
:10FC8000E4E70020F6E700BFC4930020A89300201B
:10FC900044850F0000B00E00C893002016810F00AD
:10FCA000B093002053770F0043690BB1C068184729
:10FCB000704700000449054B0022904218BF1946C6
:10FCC0000348FBF7E7BD00BF247D0F00507D0F0008
:10FCD000945B00202DE9F7439946284B05460E46D4
:10FCE0001746052443F001084FF47A40C047013C11
:10FCF000FAD1DFF8B48098F80130E3B1204C214903
:10FD00002368D86804F052FA98F80030F3B92368F1
:10FD10001D49D86804F04AFA002320681B49CDE940
:10FD200000732A463346C06804F040FA2368184935
:10FD3000D86804F03BFACDF800903B46324629469D
:10FD40001448FBF7BFFD03B0BDE8F08398F800301E
:10FD50002268012BD06805D10F4A10497F2304F097
:10FD600025FAD9E798F80030022BD5D17F230093EC
:10FD7000094A0B4B0B4904F019FACDE730810F000B
:10FD8000D059002033710F0089700F00A5770F0044
:10FD900096700F00945B002036810F0053700F00A7
:10FDA0005B770F007D700F007C59002013460A46D8
:10FDB00001460148FBF7D6BD945B0020014B18704B
:10FDC0000B207047E4930020024B002218781A7031
:10FDD000704700BFE493002018DF704730B585B04E
:10FDE000054610220C466846002104F074FAA40867
:10FDF000684601950294FFF7EFFF05B030BD1FB5CF
:10FE00000023CDE901330393684602230093FFF7F3
:10FE1000E3FF05B05DF804FB4FF000534FF4805250
:10FE20001A60002070470000014B06201B6818472D
:10FE3000E89300200A2803D90B38C0B2FFF7BEBFF1
:10FE40007047000010B5044686B00020FBF7C6FDE1
:10FE5000014638B1174A1821204606B0BDE81040C7
:10FE6000FBF794BA1822684604F035FA0423124AC4
:10FE70008DF80030114B116D1B68994212D1104B57
:10FE8000186800F0CFFF8DF80100FFF7D3FFD4E929
:10FE900001138DF80100684698470A4800F080FA7F
:10FEA00006B010BD01238DF801306846D4E9011376
:10FEB0009847F5E745FE0E00F49A0020EC930020E9
:10FEC000F093002029FE0E00F0B5836887B0044649
:10FED00023B996494FF43470FBF768FB16220021D2
:10FEE0000DF1020004F0F7F923788DF800300122BB
:10FEF0000C2B8DF8012007D89A4012F4AD7F16D153
:10FF00000C2B03D0022B05D0022365E0884B072081
:10FF10001B689847D4E90113684698479DF801305B
:10FF2000012B00F0F380824B05201B68EDE0062BCF
:10FF3000804A01D0012B01D121691170117801296A
:10FF400004D002295AD00023137092E0013B072B02
:10FF50004ED8DFE803F0044D47314D444D10744B4B
:10FF600003201B689847606900F00CFDFFF762FFF3
:10FF70008DF80100CEE7236923B96C494FF48A70EC
:10FF8000FBF714FBA38A23B9684940F21510FBF76D
:10FF90000DFBA18A206900F00DFDFFF74BFF664BBA
:10FFA0008DF80100DA6B1B6C0293E3680192002B61
:10FFB000B0D020699847ADE76049614800F048FD3E
:10FFC000FFF738FF01288DF80100A3D1002000F0D1
:10FFD000E7F900289ED00A238DF801309AE74FF404
:10FFE00000730393544BDA6B1B6C0192029391E7FD
:10FFF0004E4940F27910FBF7D9FA8BE7013B072B0A
:02000002F0000C
:1000000000F28F80DFE803F0048D6A6F8D848D37F6
:1000100000F0F0FC08B90823DEE762690AB903239F
:10002000DAE7C2F30B0333B1434B44495B6D096814
:1000300013448B42F3D1B2F5805F01D90423CBE79F
:100040003D4B3E49586D096815188D42E3D85A64F6
:10005000DA6C9A6418651863394B61691B6801F69C
:10006000FF710022090B1844FFF7A0FE00283FF49F
:1000700051AF0523B0E700F0BDFC0028CBD02E4DDA
:10008000A18AD5E914329B1A6A6C0B449342C6D8F4
:100090002B4B2F6B1B68206905F148021F44FBF7AF
:1000A00069FAE368064623B9204940F2F110FBF7EC
:1000B0007DFAE368A28A21693846FFF70BFE08B192
:1000C000E36876E7A28A2B6B029613442B63A38A1C
:1000D0002A6DAE6413442B6501931BE7164B9A6C93
:1000E00002921B6DF8E7144BD3E91402596C821A83
:1000F0008A4290D19A6C5865002120465964DA648E
:10010000FFF7A0FE0A4B1B680420984707B0F0BD1C
:10011000094B9A6C1B6D01934FF480530292039329
:10012000F8E602494FF4267065E700BFE8770F0054
:10013000E8930020B0590020F49A0020EC930020AE
:10014000F093002083681BB1024A1821FBF71EB907
:1001500007207047C9FE0E0038B50546C0B1012022
:10016000FFF7A8FD044648B900F0FEFB00F042FC92
:1001700030B9084B00201D60FFF720FE204638BD37
:100180000549064800F064FC0128F2D00324F5E795
:100190000724F3E7E8930020EC930020F09300207D
:1001A00010B503680133044609D0002258210430F9
:1001B000FBF7E0F923681B1A5842584110BD002094
:1001C000FCE7F8B514464FF4607205460F461E462C
:1001D00004F071F818B904B1A047002006E000222D
:1001E00001212846FFF7E2FD08B10320F8BD4FF4D6
:1001F00060723946304604F03BF923464FF4607292
:1002000031462846FFF766FD0028E6D0EDE70000FE
:100210002DE9F0413648374D374EFFF7C1FFD5F88D
:10022000008007464046FFF7BBFF0446002853D036
:10023000D8F80440012C0AD00022C32108F5187018
:10024000FBF798F9D8F85C42231A5C425C41002F16
:100250003CD0274928484FF4607204F009F9C4B132
:10026000296826481022043104F002F9296824483C
:100270001822114404F0FCF8296822480422343181
:1002800004F0F6F829682048C82201F5177104F037
:10029000EFF87468012C29D11C49402201F5E47063
:1002A00004F0E6F81A491C2201F5E47004F0E0F8C5
:1002B000184986F8A1420023042201F2862086F81C
:1002C000603286F8E23204F0D3F80DE034B12968E8
:1002D00009484FF46072DAE7002FBAD106484FF4AC
:1002E0006072002103F0F7FF02237360BDE8F08124
:1002F00000F00F00B4590020F49A0020F89A002072
:100300000C9B0020289B0020509D0020509C00202A
:10031000909C0020109B002070B50D4C05460022DB
:1003200058212046FBF726F9002244F8040CC3218B
:1003300004F51770FBF71EF9261FC4F858022A4669
:100340003146044B0448BDE87040FFF73ABF00BF98
:10035000F89A00207497002000F00F0070B5054651
:1003600008460C46FFF71CFF20B907494FF4C1703F
:10037000FBF71CF90548064B00682A462146BDE8F4
:100380007040FFF71EBF00BF38780F00B45900203F
:10039000F49300200149FFF7E1BF00BF00F00F0018
:1003A00038B505460020FFF7B7FF044618B90349E2
:1003B0002846FFF7D3FF204638BD00BFF49A00203F
:1003C00010B5FFF777FC044608B1032010BDFFF716
:1003D0001FFF2046FFF7E4FF0028F7D0F5E70000F5
:1003E00010B5084C4FF40072FF21204603F073FF54
:1003F00020220021A4F1240003F06DFF002344F823
:100400002C3C10BD509B002029DF704738B50C4DA7
:100410000446D5F8643378B101330FD10022182196
:100420000430FBF7A7F82060214605F55970072234
:10043000BDE83840FFF7E8BF0E2038BD0820FCE7D4
:1004400000F00F0008B528B103491C2204F010F891
:10045000002008BD0E20FCE764F30F0010B5064C29
:10046000002218212046FBF785F854F8043C1B1A9B
:100470005842584110BD00BF68F30F0010B50A4C38
:10048000D4F82433D4F864231340013309D04FF453
:100490007F20FCF715F9C92221464FF47F20FCF795
:1004A0003DF9002010BD00BFF49A0020F8B5094FB7
:1004B000094CE41B0646E4080025A54201D10020B2
:1004C000F8BD57F83530304698470028F8D1013547
:1004D000F3E700BF30850F0038850F00F8B5094FEE
:1004E000094CE41B0646E40800250437A54201D167
:1004F0000020F8BD57F83530304698470028F8D12D
:100500000135F3E730850F0038850F0008B50C2260
:10051000002103F0E0FE024B00221A6308BD00BF79
:10052000F49A00204FF44053054A5968914203BFA2
:10053000986800F6FF706FF30B004FF4805070471F
:10054000DBE5B15108B5FFF7EDFF044B9B6918449B
:1005500000F6FF706FF30B0008BD00BFF49A002097
:100560004FF48050704700002DE9F84FDFF8AC9051
:1005700005460F46164698464FF0000BBBF1010F9B
:1005800024D0BBF1020F31D0FFF7DCFF8246DEB191
:100590001E4B1C6A631E5C425C41D14503D21C4960
:1005A000B120FBF703F8A9EB0A0AAA4500D31FB351
:1005B00004BB0BF1010BBBF1030FDFD1AA4522D322
:1005C0001448FFF7A3FF1BE03446E6E7FFF7AAFF56
:1005D0008246B8F1000F07D14FF440535C680E4BD0
:1005E000E41A18BF0124D8E75C46D6E701244FF48B
:1005F000805AD2E7AA4506D35FFA8BF3002BDFD1EE
:100600000020BDE8F88F0420FBE700BFF49A00202B
:1006100085780F000C9B0020DBE5B15100800E00B7
:1006200090F8552012F0FB0F07D190F864305BB1C1
:10063000836ECBB10B600120704712F0010303D031
:1006400090F8563003B1836D9207F2D590F85C2094
:10065000002AEED0054A006EC2F57E22904201D8F3
:100660000344E6E7042070470F20704700B00E00F7
:100670002DE9FF472F49304D8A6B304C304FDFF862
:10068000D490DFF8D4A06E465C313046FEF7BAFB5A
:1006900096E80F0085E80F0000212A4B39704FF4CF
:1006A00047722046C9F80010CAF80010EB6003F04A
:1006B00012FE254922462846FEF742FE20B90027B1
:1006C000384604B0BDE8F0873F78002FF7D094F8A3
:1006D0006C3194F800801BB3B8F1000FEFD194F89F
:1006E0007231002BEBD0DAF80020D9F80010304638
:1006F000FEF788FB96E80F0085E80F004FF4B27212
:10070000414604F5BA7003F0E6FD104904F5BA72EB
:100710002846FEF715FE0028D1D004F5BA7406E08D
:10072000B8F1000FCBD0A379002BC8D00834084B08
:100730001C60C5E7F49A0020449F00205C9F0020C5
:10074000749E00205D070F00507F0F00F07F0F00A8
:10075000409F0020589F0020549F002030B55B68C8
:10076000DA680D4B9A420AD1D0E901340B4802688D
:1007700012B90B490A681AB10A4B00221A7030BD2F
:100780001A4612F9015B002DFBDB23449B1A026021
:100790000B600122034BF1E7F07F0F00589F002010
:1007A000549F0020749E002010B54FF44052124C0C
:1007B000516800F50053A142586803D0031B58420A
:1007C000584110BD884214D11178142982BF506954
:1007D0000A4AB0FBF2F01A7898BF0020142A83BFAF
:1007E0005B69064AB3FBF2F30023C01A18BF01206D
:1007F000E7E70020E5E700BFDBE5B15140420F002D
:1008000000B591B0FCF780F818B10D49DB20FAF77C
:10081000CDFE0C4920226846FCF7C6F80A490B4871
:1008200040236A46FBF7BCFF18B10549E520FAF7FB
:10083000BDFE074B01221A7011B05DF804FB00BF2A
:10084000CF780F00E07D0F00F89E00207C7D0F0028
:10085000759E00202DE9F041CCB003AE80460D46D8
:10086000144600217C221F4604A82023336003F095
:1008700032FDA422002123A803F02DFD1A4B1B7882
:100880000BB9FFF7BDFF4DB3B8F1000F28D1DFF86A
:100890006880529B15490196CDF800803A4604A81D
:1008A000FCF718F8F0B9402C1CD1114F224629460C
:1008B000384603F0DDFD20213846FCF782F8CDE90B
:1008C00000740C493368424623A8FBF785FF0028D3
:1008D00014BF052001204CB0BDE8F0811320FAE7D9
:1008E0001620F8E70A20F6E7759E0020887D0F00A5
:1008F000B69E0020F89E0020969E0020F0B5ABB07A
:1009000004460D4616461F467C22202300210BA8D4
:10091000029303F0E0FC114B1B780BB9FFF770FF5B
:100920002FB12146202203A8FCF722F803AC02AB2A
:100930000B4F01930B49009733462A460BA8FBF750
:10094000C9FF48B920222146384603F0B4FCB0FA6A
:1009500080F040092BB0F0BD0020FBE7759E002021
:10096000769E0020887D0F0008B5044B986B08B177
:10097000FFF77EFE024B187008BD00BFF49A0020FE
:1009800078A2002010B5044658B1B0F5007F0AD80F
:10099000064B00221A70FFF723FD054B01209C63D4
:1009A00010BD0320FCE70420FAE700BF78A2002076
:1009B000F49A002070B50E4C0646E06BA36B42180B
:1009C0009A420D4611D85C300A462044314603F065
:1009D0004FFDE36B04F140022B4429463046E363AC
:1009E000FAF7C8FD2064012070BD0320FCE700BFBA
:1009F000F49A0020014B1878704700BF78A20020BD
:100A000013B5104C94F86C21B2B194F8D802B4F834
:100A1000DA2204F5377104F5B8740B4B1B680093A8
:100A20000A4B1B68FFF716FF012809D1201D02B0F1
:100A3000BDE8104000F0FAB9114610460434ECE766
:100A400002B010BD5C9F0020549F0020589F0020E2
:100A50002DE9F843224BD3E90E329A4206460D4661
:100A60003AD1DFF8848098F800704FB1FFF76AFD43
:100A70001C4B306029461868BDE8F843FFF7D0BD2D
:100A8000FFF7F6FD50B3FFF7BBFF012837600446C0
:100A90002F601ED1134BD3F8009029464846FFF72C
:100AA000BFFD0128044614D199F8551001290346C9
:100AB0008CBF0021012128683A46FFF755FD38B95F
:100AC000FFF740FD88F8004030602046BDE8F8831D
:100AD0000424FFF785FCF8E70824F6E70524F4E78B
:100AE000F49A0020409F002078A2002070B50D46A7
:100AF0001646044620B907494FF42C70FAF756FD04
:100B00003246294604F172000123BDE87040FFF728
:100B1000F5BE00BFCF780F0013B504460846237812
:100B20001146032B1DD8DFE803F00502081100224F
:100B3000FAF720FD012002B010BD0A46002301464D
:100B4000601C02B0BDE81040FFF7D8BE034600911C
:100B50004022611C0020FFF77DFE431E5842584191
:100B6000E9E740F2D9300249FAF720FD0020E2E738
:100B7000CF780F002DE9F043A3B005460E4614468A
:100B800000217C221F4603A820239DF8AC900293ED
:100B9000DDF8A88003F09FFB41220021284603F0E6
:100BA0009AFBB6F89430A34282BF442303FB04634C
:100BB00093F8969085F80090B9F1030F1CD8DFE800
:100BC00009F009020F1F002241463846FAF7D2FC0D
:100BD000C5F80100424639462846FFF79DFF0CE064
:100BE00002AB01936B1C00930C4943463A4603A8A1
:100BF000FBF770FE0028EDD0002023B0BDE8F083A5
:100C0000442303FB0463644204F044049A34B3F8BD
:100C100098203119681C03F02BFCDBE7887D0F005E
:100C20002DE9F047774B1C68A4B005460F46904667
:100C30000A4601462046FFF759FF002800F0E080F1
:100C400094F85560A6BB4FF00109CDE900792B4619
:100C50003246214613A8FFF78DFF50B90524B8F19D
:100C6000000F40F0C580FFF7BBFB204624B0BDE875
:100C7000F087B8F1000F00F0A9804122624813A963
:100C800003F0F6FB614B94F89220C3F82C901E629F
:100C900012B194F893200AB962689A60002239462A
:100CA0002846FAF767FC594B0124C3E90970A2E012
:100CB0004122002102A803F00EFB06F001094122A7
:100CC000002113A806F0020603F005FBB9F1000F9E
:100CD00073D005F500524E4B5068D4F858A0984296
:100CE000BCD10AF5FF530AF6FF71C1F30B011F33A4
:100CF0005B1A91689942B1D34FF4405359688142CD
:100D00000CD11978102988BF1969137898BF002170
:100D1000102B8CBF1369002399429FD12846FFF7FF
:100D200043FD002856D10123CDE900A300222B4624
:100D3000214602A8FFF71EFF00288FD0A26D5EB1EA
:100D4000AB18BA1A0021CDE9002113A84A46214662
:100D5000FFF710FF002881D0B8F1000F36D0DFF880
:100D6000AC80B9F1000F3FD02846FFF71DFD18B148
:100D700008F11800FFF7CAFB2648412202A903F038
:100D800077FB002E0CBFA523AC23C8F82C30A36D35
:100D9000C8F83430002E81D01F48412213A903F037
:100DA00067FB94F8923023B194F89330002B7FF4D2
:100DB00075AF6368C8F80C3070E776B9174940F230
:100DC0006130FAF7F3FBB8F1000F09D10F4B0124A2
:100DD0005C614AE7002EA6D140E73A462B46B1E7D0
:100DE0000A4BAA22DA6259E7AA23C8F82C30D1E7C5
:100DF0000B48FFF78BFBFFF7F3FA044B9D6434E7D6
:100E000017242CE7409F0020959D0020F49A002095
:100E1000DBE5B151549D0020D69D0020CF780F0016
:100E2000189B00200122FFF7FBBE0000F8B5044626
:100E300018B93249C420FAF7B9FB94F85430002BA2
:100E400058D094F85520032A54D894F86E30032BC8
:100E50004CD194F892301BB194F89330002B47D1C9
:100E6000237A002B46D0E368342B45D14FF440550C
:100E700023496868238A884225D143B16169D9B181
:100E8000DBB204F110000021CEB2B34201D812202F
:100E900011E0AE8950F8047FB74201F10101F3D1AE
:100EA0002378F3B1012A6068164B14D89B689842E6
:100EB0002CBF01201020F8BD12B9012BE7D1EFE7BC
:100EC000012AEDD1E3E713B16369002BDFD1237869
:100ED000002BE5D1DBE7DB68984294BF10200120AE
:100EE000E9E7012A0CBF01200F20E4E71420E2E724
:100EF0000120E0E70F20DEE71120DCE71E790F007C
:100F0000DBE5B151F49A0020008800F00100704741
:100F10000023435082B043580193019B02B07047B5
:100F200010B502685309044618D0012B4FF6FF7321
:100F300018BF002302F01F02D340DB0704D4094985
:100F40004FF4F670FAF732FB23681F2B83BF03F0D0
:100F50001F03236004484FF0A04010BD4FF0FF3343
:100F6000E8E700BF14700F00000300501FB5012315
:100F70008DF80030044BCDE90110D3E9001268462A
:100F8000904705B05DF804FB7CA200202DE9F341F9
:100F9000054690460C4619B96D49CF20FAF706FB75
:100FA0002F796C4E242303FB076393F82030002B2A
:100FB00040F0CC8023685A1C13D001A80193FFF79E
:100FC000AFFF019A01239340C0F8083523680193CD
:100FD00001A8FFF7A5FF019B03F5E073032240F88A
:100FE00023206368581C09D001A80193FFF798FFDC
:100FF000019B03F5E073002240F823202B68A269CF
:10100000C3F82425217D637D2A680B43C2F86C3523
:10101000D4E900122B68C3F80C15C3F81425237DFE
:10102000012B2AD1A368591C09D001A80193FFF70D
:1010300077FF019B03F5E073002240F82320E3686B
:101040005A1C13D001A80193FFF76AFF019A0123EC
:101050009340C0F80835E368019301A8FFF760FFEB
:10106000019B03F5E073032240F82320D4E9022119
:101070002B68C3F80815C3F8102524237B43F21806
:10108000C2F804802269F250B8F1000F4DD02868F0
:1010900094F81C80304A4FF48871FFF739FF2868B4
:1010A0004FF49071FFF734FF28684FF49271FFF707
:1010B0002FFF28684FF4A271FFF72AFF28684FF42A
:1010C000AC71FFF725FF2B68C3F804232C68A8F147
:1010D0000203012B44F3073407D9A8F10503022BBF
:1010E00003D91E496B20FAF761FA002CB6BF1C4BDE
:1010F00004F1604404F00F044FEA48185FFA88F8DE
:10110000AABF04F5614403F8048084F800832B68C7
:1011100043F30733002B08DB0122590903F01F03B7
:1011200002FA03F30F4A42F821302B680822C3F871
:101130000025242303FB07660020C6E906000123DF
:10114000706186F8203002B0BDE8F0810820FAE72F
:1011500071790F007CA2002010034200AD790F00CE
:1011600014ED00E000E100E00279044B242101FBD2
:1011700002335869003818BF012070477CA2002054
:101180002DE9F047384F90F804A0242303FB0A739D
:10119000054693F82030012B8846914604D0334908
:1011A00040F25310FAF702FAB8F1000F04D12F49B8
:1011B0004FF4AA70FAF7FAF9B9F1000F04D12B49EC
:1011C00040F25510FAF7F2F92B7913B9B9F5803FCF
:1011D00004D326494FF4AB70FAF7E8F908F06043FE
:1011E000B3F1005F3AD12846FFF7BEFF044600285E
:1011F00036D1242606FB0A764FF49071C6F8149077
:10120000C6F808802868FFF783FE4FF4AC712868A1
:10121000FFF77EFE2B687269B168C3F84415C3F806
:1012200048252B6801229A607368DBB92B68D3F8D4
:101230002021D3F858010243F9D068B90122DA60BD
:101240002A68D2F85831002BFBD0242303FB0A77FD
:1012500000237B61BDE8F0870F20F6E71020F9E757
:101260001120F7E72046F5E77CA2002071790F00F6
:101270002DE9F8434B4D90F80480242303FB0853D9
:10128000044693F82030012B0F46164604D04649F9
:101290004FF4D370FAF78AF927B9434940F2A710FF
:1012A000FAF784F926B940494FF4D470FAF77EF979
:1012B000237913B9B6F5803F04D33B4940F2A91016
:1012C000FAF774F907F06043B3F1005F67D12423A4
:1012D00003FB0853596821B123684FF40472C3F823
:1012E0000823242303FB08539A695AB1DA69002AB8
:1012F00043D021B123684FF40472C3F804231120B2
:10130000BDE8F8839E61DF609146242303FB085803
:101310004FF48871C8F81C202068FFF7F9FD206899
:101320004FF4A271FFF7F4FD2368C3F83475C3F8D6
:1013300038652368B9F1000F24D101221A6026799B
:101340002368242202FB0652526812BBD3F8101104
:10135000D3F84421D3F82401114302D10028F5D059
:101360000A46242303FB06550023984218BF032096
:101370009A42AB6118BF0F20C2E71F6132464FF09F
:101380000109C2E7D3F8002242F02002C3F800228C
:10139000D5E74FF40472C3F804230020B0E710200F
:1013A000AEE700BF7CA2002071790F007FB5434AF1
:1013B000D2F82461002E60D010464FF49271FFF7EE
:1013C000A7FD02238DF80030D2F88034C2F88034B3
:1013D0000393D2F83C350293394BDA68019200222C
:1013E000C3E906226846D3E9001290473348D0F893
:1013F000443173B14FF4A271FFF78AFD304B9A6903
:101400003AB10022C3E90622D968D0F83C05FFF7BB
:10141000ADFD2A48D0F82031ABB14FF49071FFF701
:1014200077FD0123C360264B5A6962B1D0F84C1591
:101430000291002299688DF8002001915A61684656
:10144000D3E9001290471D48D0F858319BB14FF4B2
:10145000AC71FFF75DFD1A4B5A6962B1D0F84C15BB
:101460000291002299688DF8002001915A61684626
:10147000D3E90012904704B070BDD2F81031002BB0
:10148000B4D04FF488711046FFF742FD0C4BD2F8F0
:101490003C0599698842A9D1DC69D96864B1D2F860
:1014A000005225F02005C2F800521A699C61DA60EA
:1014B000DE61FFF75BFD99E79C61FAE7008002407F
:1014C0007CA2002010B5034649B152B1541E14EA63
:1014D000020006D1986019609C80D86010BD0E2073
:1014E000FCE70920FAE710B58468C2688388121BFC
:1014F000934208D3C26813400268D154C3680133D1
:10150000C360002010BD0420FCE78268C3689A42D3
:101510000AD08268838813400268D35C0B708368AA
:1015200001338360002070470520704737B5057888
:10153000012D05D0022D2AD0002D36D003B030BDAC
:10154000037A2BB9214922480122FFF791FEF5E7E2
:101550004368204C19782046FFF7C5FF80B18DF80D
:10156000005001901C4B68461B689847A168E368CF
:10157000A2885B1A9A42E5D2184B01221A70DDE765
:10158000A268E3689A42F1D08DF80000EAE7C368E8
:101590000E490F488DF8005001220193FFF768FEB5
:1015A0000D4B68461B689847C8E70D490D48FFF783
:1015B000ACFF38B90A490648012203B0BDE8304003
:1015C000FFF7DEBD03238DF80030E9E7C1A200205C
:1015D000BC590020B0A20020C4A20020C0A200205C
:1015E000C2A20020A0A20020F0B51F46244B89B063
:1015F00004461A600D46002940D08A8821480968AF
:10160000FFF760FF002837D1AA89A9681E48FFF7B5
:1016100059FF002830D11D4E0FCE6D460FC596E8FC
:101620000F0085E80F0063690693237C184A194868
:101630008DF81C70003B18BF01238DF81430637CBB
:10164000002B0CBF00230E238DF81530E3680293A6
:10165000A36803932368019369466368009300F0CD
:1016600081F848B90C4B18702368013304D00B493A
:101670000B480122FFF7FCFD09B0F0BD0720FBE796
:10168000C4A20020B0A20020A0A200204C810F0024
:101690002D150F00B8590020C0A20020C1A20020C3
:1016A000BC59002070B5044618B90C49CA20F9F796
:1016B0007DFF0B4D0B482E782146FFF726FF044691
:1016C0004EB10023084909482B700122FFF7D0FDD5
:1016D00008B1FBF713FA204670BD00BFE0790F0098
:1016E000C0A20020B0A20020C1A20020BC5900204E
:1016F00010B501460B48FFF7F6FE044678B90A48D4
:10170000FFF732FD58B909490648FFF7FEFE30B928
:10171000BDE81040054904480122FFF731BD2046CD
:1017200010BD00BFA0A20020BC590020C2A2002012
:101730001FB503788DF800304368019383688DF8F6
:101740000830C368054A0393054B684653F82130B7
:1017500052F82110984705B05DF804FBC8A200209C
:10176000D0A20020F0B506460F4B16F804CB43F884
:101770002C200E4B17460C460A6943F82C200FCC40
:1017800089B06D460FC594E80F00002F85E80F0063
:10179000074ACDF810C008BF3A4669463046FFF701
:1017A000F5FB09B0F0BD00BFD0A20020C8A2002008
:1017B00031170F0010B50F4B5A7902F0FF04B2B980
:1017C0000D49C1F800411A681AB101245C71C1F8D1
:1017D000044300F1804000F524300123036022B966
:1017E000054AD2F80031002BFBD0002000E0112088
:1017F00010BD00BFD8A200200090024010B50268C2
:101800005309044618D0012B4FF6FF7318BF00236D
:1018100002F01F02D340DB0704D409494FF4F670ED
:10182000F9F7C4FE23681F2B83BF03F01F03236057
:1018300004484FF0A04010BD4FF0FF33E8E700BF71
:1018400014700F000003005007B5019001A8FFF7C6
:10185000D5FF019B03F5E073022240F8232003B07B
:101860005DF804FB10B50E4B0238D3F83C26D3F8D4
:101870003836072813D8DFE800F0110F0D0B0A08DF
:101880000604100EC871100C8871100A48710A7194
:101890001A0ECA701A0C8A701A0A4A700B7010BDA0
:1018A00000900240023807281FD8DFE800F02927FF
:1018B000251123211F04CB791B068A7943EA0243B1
:1018C0004A7943EA02230A7913430E4AC2F83C36A6
:1018D000CB781B068A7843EA02434A7843EA02231C
:1018E0000A781343074AC2F8383670470023E4E702
:1018F0000023E5E70023E6E70023EBE70023ECE71E
:101900000023EDE70090024070B5084D084E6424B6
:1019100045F00105D6F8003133B94FF42070A847DF
:10192000013CF7D10D2070BD0020FCE770810F0055
:10193000009002402DE9F3410E461746044618B9BF
:101940006C49B020F9F732FE6B4D2B79002B40F03B
:10195000CB802379FF2B00F0CB806279FF2A00F047
:10196000C780A279FF2A00F0C380E279FF2A00F045
:10197000BF8001A80193FFF741FF019B03F5E073CE
:1019800040F2023840F8238001A863790193FFF701
:1019900035FF019B03F5E07340F8238001A8A3798C
:1019A0000193FFF72BFF019B03F5E07340F82380C1
:1019B00001A8E3790193FFF721FF019B03F5E07391
:1019C00040F82380237AFF2B08D001A80193FFF76A
:1019D00015FF019B03F5E07340F82380637AFF2B2A
:1019E0000AD001A80193FFF709FF019B03F5E073FB
:1019F00040F2023240F823202379FF2B18BF1A4609
:101A00003E4B08BF4FF0FF32C3F824256279FF2A0E
:101A100008BF4FF0FF32C3F82825A279FF2A08BF7C
:101A20004FF0FF32C3F83025E279FF2A08BF4FF0AC
:101A3000FF32C3F83425227AFF2A08BF4FF0FF3265
:101A4000C3F83825627AFF2A08BF4FF0FF32C3F887
:101A50003C252268C3F84025227BE07AA17A9201D6
:101A600042EAC0020A43617B42EAC112C3F844253C
:101A7000D3F80026A07B22F07F4222F0FF02104321
:101A8000E27B40EA0260227C40EA4260627C40EAFB
:101A900002700022C3F800066A7101222E60AF6056
:101AA000C3F8082396B1A47CA31E934206D9631FF2
:101AB000022B03D912496B20F9F778FD114B640111
:101AC000E4B283F829434FF400725A600B4B0122B1
:101AD00000212A71C3F80025C3F800111A6002B072
:101AE000BDE8F041FFF710BF082002B0BDE8F0816B
:101AF0000720FAE7207A0F00D8A2002000900240C9
:101B0000AD790F0000E100E0F8B5224E33790546CB
:101B10000F4614461BB92049DD20F9F747FD7379BC
:101B200003F0FF02A3BB1D4EC6F800211FB1687869
:101B30003946FFF7B7FE0123C6F80833AB786A7859
:101B40001B0343EA02232A781343EA7843EA423329
:101B50002A7943EA82336A7943EAC233C6F83436D3
:101B6000FFF7D2FE0D28074607D12B791BB90A498A
:101B7000F620F9F71BFD3846F8BD0023C6F8003102
:101B80000CB90027F7E768782146FFF76BFEF8E706
:101B90001127F0E7D8A20020207A0F000090024021
:101BA0002DE9F843274E337923B927494FF4BE7006
:101BB000F9F7FCFC254BD3F8342602F44032B2F599
:101BC000803F04BF224AC3F83426224A4FF40071F2
:101BD000C2F88410BFF34F8FBFF36F8F0122C3F899
:101BE00008231A615A650022C3F80025C3F80021B2
:101BF000D3F82405D3F82895D3F83085D3F8347575
:101C0000D3F83855D3F83C45C0B2FFF71DFE5FFA54
:101C100089F0FFF719FE5FFA88F0FFF715FEF8B2BA
:101C2000FFF712FEE8B2FF28E4B201D0FFF70CFE86
:101C3000FF2C02D02046FFF707FE00233371BDE8DA
:101C4000F88300BFD8A20020207A0F000090024045
:101C50000001030000E100E070B5134B1B7904465E
:101C60000D46164623B911494FF4CB70F9F79EFC87
:101C700034B90E4940F29710F9F798FC102070BD66
:101C800004F06043B3F1005FF8D1A307F6D1084B2D
:101C9000C3F81065C3F81445C3F81855BDE8704083
:101CA0000820FFF787BD00BFD8A20020207A0F00D0
:101CB0000090024070B5134B1B7904460D46164642
:101CC00023B911494FF4D370F9F770FC34B90E49B8
:101CD00040F2A710F9F76AFC102070BD04F06043D1
:101CE000B3F1005FF8D1A307F6D1084BC3F8046540
:101CF000C3F80845C3F80C55BDE870400420FFF751
:101D000059BD00BFD8A20020207A0F0000900240E9
:101D1000064AD2F800313BB1054B00205871C2F899
:101D200000011A6899681047704700BF0090024090
:101D3000D8A20020F0B58B4D0FCD8BB005AC0FC4F1
:101D400055F810392360884C6378BBB1874E8849B9
:101D50003368D86802F02AFA2378002B33D133682D
:101D60008449D86802F022FA33688349D86802F0BF
:101D70001DFA33688149D86802F018FA002211462A
:101D800005A8FFF7D7FD0646002848D0E378BBB189
:101D9000764D7B492B68D86802F008FA237843BB5C
:101DA0002B687449D86802F001FA2B687549D86825
:101DB000324602F0FBF92B687349D86802F0F6F955
:101DC00030460BB0F0BD23783268012BD06805D1C6
:101DD0006E4A6F49142302F0E9F9C5E72378022B14
:101DE000C2D114230093694A6A4B6B4902F0DEF9B1
:101DF000BAE723782A68012BD06805D1634A644981
:101E0000172302F0D3F9D0E72378022BCDD1172383
:101E100000935E4A5F4B604902F0C8F9C5E76378FA
:101E2000BBB1524F52493B68D86802F0BFF92378E2
:101E3000002B54D13B684F49D86802F0B7F93B6892
:101E40005649D86802F0B2F93B684C49D86802F0AC
:101E5000ADF902238DF80B30514B68699B88ADF8C2
:101E6000103063780390BBB1404D41492B68D8686E
:101E700002F09CF92378002B47D12B683D49D868A4
:101E800002F094F92B684749D86802F08FF92B6863
:101E90003A49D86802F08AF90022114603A8FFF7F0
:101EA00033FE0746002800F08380E378002B00F023
:101EB00024812E4D32492B68D86802F077F92378B7
:101EC000002B38D12B682B49D86802F06FF92B68AA
:101ED00035493A46D86802F069F92B6809E1237858
:101EE0003A68012BD06805D1284A29491A2302F003
:101EF0005DF9A4E72378022BA1D11A230093234A8A
:101F0000244B254902F052F999E723782A68012BDE
:101F1000D06805D1254A1E49462302F047F9B1E7AA
:101F20002378022BAED146230093204A194B1A493D
:101F300002F03CF9A6E723782A68012BD06805D186
:101F40001A4A1349492302F031F9C0E72378022BDA
:101F5000BDD149230093154A0E4B0F4902F026F9D3
:101F6000B5E700BF94810F007C590020D0590020B4
:101F700033710F0089700F00867A0F0096700F0082
:101F800046700F009A7A0F0092700F0087810F0041
:101F900053700F005B7A0F007D700F00B47A0F0052
:101FA000A8810F00C77A0F00E47A0F0076810F0036
:101FB0006378BBB1924D93492B68D86802F0F6F86C
:101FC0002378002B2DD12B688F49D86802F0EEF8CA
:101FD0002B688E49D86802F0E9F82B688C49D868DC
:101FE00002F0E4F800229923114603A88DF80C3082
:101FF000FFF78AFD074600283FD0E378002B7CD00E
:102000007F4D84492B68D86802F0D0F82378F3B963
:102010002B687D49D86802F0C9F82B687E493A469A
:1020200058E723782A68012BD06805D17B4A7C4980
:102030004E2302F0BBF8CBE72378022BC8D14E2306
:102040000093764A774B784902F0B0F8C0E72378DE
:102050002A68012BD06805D1704A7149522302F0D9
:10206000A5F8DAE72378022BD7D1522300936B4AE5
:102070006C4B6D4902F09AF8CFE76378BBB1604DC5
:1020800060492B68D86802F091F82378002B6AD158
:102090002B685D49D86802F089F82B686349D868D5
:1020A00002F084F82B685A49D86802F07FF80022C1
:1020B0005023114603A88DF80C30FFF725FD054687
:1020C00000287CD0E378C3B14D4F52493B68D868B3
:1020D00002F06CF82378002B5BD13B684A49D86842
:1020E00002F064F83B685249D8682A4602F05EF86C
:1020F0003B685049D86802F059F86378C3B1404D45
:1021000040492B68D86802F051F82378002B40F042
:10211000AD802B683C49D86802F048F82B684649E6
:10212000D86802F043F82B683949D86802F03EF8C5
:102130006378002B3FF444AE314D32492B68D868A8
:1021400002F034F82378002B40F0A7802B682E494A
:10215000D86802F02BF82B683849D86802F026F8C6
:102160002B682B4929E623782A68012BD06805D1F2
:102170002A4A2B49592302F019F88EE72378022BBB
:102180008BD159230093254A264B274902F00EF89C
:1021900083E723783A68012BD06805D11F4A20498C
:1021A0005E2302F003F89DE72378022B9AD15E2389
:1021B00000931A4A1B4B1C4901F0F8FF92E740F2CA
:1021C000312302460DF10B0103A8ADF80C30FFF7E7
:1021D0009BFC0746002890D0E378002B8DD0084D5B
:1021E0000C492B68D86801F0E1FF237843BB2B68CA
:1021F0000549D86801F0DAFF2B680D493A4669E6CF
:10220000D059002033710F0089700F00077B0F0039
:1022100096700F0046700F00257B0F0076810F002F
:1022200053700F005B7A0F007D700F00417B0F0031
:102230005B7B0F0092700F007A7B0F00957B0F0085
:1022400023782A68012BD06805D11F4A1F496623CD
:1022500001F0ACFFD0E72378022BCDD166230093A9
:10226000194A1B4B1B4901F0A1FFC5E723782A68D7
:10227000012BD06805D1184A14491D2301F096FF9F
:102280004CE72378022B7FF449AF1D230093124AB9
:102290000F4B104901F08AFF40E723782A68012B91
:1022A000D06805D10C4A0949222301F07FFF52E78B
:1022B0002378022B7FF44FAF22230093064A044B6E
:1022C000044901F073FF46E776810F0053700F0059
:1022D0005B7A0F007D700F0087810F00FFF760BCF5
:1022E000FFF7BABCFFF7E6BC30B10268034B044805
:1022F0009A4208BF0020704702487047DD55AABBCC
:102300008208F0007108F00038B50D460446B0B1FF
:10231000A0220021043000F049FD95B10822294691
:1023200004F1640000F048FD082205F1200104F1E9
:10233000840000F041FD044B2360002038BD0348B9
:10234000FCE70348FAE700BFDD55AABB7108F000BF
:102350008308F0002DE9F74305460E461F46114657
:10236000FFF7C2FF0446002840F08280002E00F0F4
:102370008380002900F08280202F40F0818005F1C9
:102380004404082205F10409204600F015FD05F17A
:10239000240808223146484600F00EFD06F12001CF
:1023A0000822404600F008FD01A94FF48070019713
:1023B00000F0A0FA002865D1334A4FF4807313600F
:1023C00001219360314A082300F04AFB01210846AD
:1023D0002F4A052300F044FB08234A4601211C2014
:1023E00000F03EFB082342460121032000F038FBA9
:1023F000224608230121022000F032FB254A08234F
:1024000001211A2000F02CFB234A052301211B2067
:1024100000F026FB214A08230121142000F020FBB4
:102420001F4A08230121152000F01AFB082305F19B
:1024300064020121162000F013FB082305F1840239
:102440000121172000F00CFB0823164A01210B2064
:1024500000F006FB00F062FB0446019800F0EEFA83
:10246000114B002C18BF1C46A421284600F0A0FCEC
:10247000204603B0BDE8F0830C4CF9E70C4CF7E7BD
:102480000C4CF5E7084CEFE790B00250F0810F00DC
:1024900068820F00B0810F0054820F0014820F0079
:1024A00034820F00D0810F008408F0007608F0001D
:1024B0008008F0008108F00037B50193069B009377
:1024C00004461546FFF720FF40B9DDE900322946F2
:1024D000204603B0BDE83040FFF73CBF03B030BD3D
:1024E0000C4BC2691A60826943F8042C426943F8B4
:1024F000082C026943F80C2CC26843F8102C82683F
:1025000043F8142C426843F8182C026843F81C2C3A
:10251000704700BF5CB602500C4B1B68C3610C4B8C
:102520001B6883610B4B1B6843610B4B1B6803618A
:102530000A4B1B68C3600A4B1B688360094B1B680E
:102540004360094B1B680360704700BF5CB60250D4
:1025500058B6025054B6025050B602504CB6025013
:1025600048B6025044B6025040B6025030B102683C
:10257000034B04489A4208BF002070470248704746
:10258000DD55AABB0202F0000002F00013B50446BC
:1025900070B104307021019000F00AFC01980549E7
:1025A000202200F001FC044B2360002002B010BD8B
:1025B0000248FBE78C820F00DD55AABB0002F00049
:1025C0002DE9FF47254B04460F4615460FCBE8463D
:1025D00088E80F0025B90026304604B0BDE8F08732
:1025E0002046FFF7C3FF06460028F5D1666A231D83
:1025F00001938EBB206FC0B1C0F14009A94528BF2F
:10260000A94604F1300A4A463946504400F0CCFB52
:10261000226F4A44402A4F442267A5EB090504D1A2
:102620005146404600F0D6FB266705F03F0935F0DD
:102630003F0505D039462A46404600F0CBFB2F44E3
:10264000B9F1000FC7D04A46394604F1300000F016
:10265000ABFBC4F87090BFE7014EBDE77C820F0072
:102660000C02F0002DE9FF41144B04460D460FCB40
:10267000E84688E80F002046FFF778FF0746B0B924
:10268000CDB1636A261D01963BB90123226F6362B7
:1026900004F13001404600F09DFB3346043D2434F4
:1026A00053F8042B12BAA34245F8042FF8D1384648
:1026B00004B0BDE8F081024FF9E700BF7C820F0053
:1026C0000502F000084B1B681B0EF02B08D1074BCE
:1026D0001A68074B9A4205D1064B002018607047D4
:1026E000052070470620704728B9025024BA0250CE
:1026F0000000E0200CBA0250002230B54900134619
:10270000023840F6FC75940004F1A04404F52C3422
:10271000904202F10102CABF236025605B181E2AA5
:10272000F1D1044A13600B445360034B034A1A600F
:1027300030BD00BF78B0025084B0025020F80F00C6
:1027400030B51F4B85B01A46196800910099CC0727
:10275000FAD500F1A05000F52C4080000168136804
:102760000193019BD807FAD5164B174C1B68174DE0
:1027700013F11F0048BF03F13E004011013800284B
:1027800010DA00230130400153B1A0F120014FF0D5
:102790000042134204D1013888424FEA5202F8D174
:1027A00005B030BD13680393039BDB07FAD54318CC
:1027B00023602B680293029B002BE3D10138DEE7F4
:1027C000B4B00250ACB00250E4B00250DCB00250E1
:1027D000F0B51D6885B001F01F040DB91F2C25D17F
:1027E000154D2E462F680197019FFF07FAD500F17E
:1027F000A05000F52C408000006835680395039DCB
:10280000ED07FAD50D4D00EB611028600C4800680B
:1028100002901F2C18BFC94302980FBF106001F02F
:102820001F0100FA01F111600021196010684300D6
:10283000C00F136005B0F0BDB4B00250E4B0025058
:10284000DCB002500C4B18603F3020F03F00890193
:10285000403058609960D9601961596199610748A1
:10286000D9611C3382B002680192019AD207FAD56D
:10287000196002B0704700BF90B00250B4B002506F
:1028800038B5A0F12003B3F5426F05462CD88F2848
:1028900026D800F1470300F16604DB064FEA541422
:1028A00000D0013464013F34A409013411B18C42D9
:1028B0001AD80C46E3004FF48050B0FBF3F0202808
:1028C00028BF202002B11060084B01221A60214667
:1028D000FFF712FF28462146FFF7B4FF002038BD5E
:1028E00000F11F046409DDE70148F8E71CB8025055
:1028F0002221F0000A460021FFF7C2BF2DE9F04176
:10290000484B88B01C461D680195019DEF07FAD51C
:10291000454BDFF820E1454F13449B000A181B6824
:102920001E2A88BFC0F11E011F330A185B095A43D3
:10293000B2F5806F88BF4FF480614FF0000203F161
:10294000010588BFB1FBF3F1944688BF091A25F051
:1029500001058000914233DC22680492049AD20778
:10296000FAD5334A1268216805910599CF07FAD53F
:1029700030482E490260002215469A4246D15A1C20
:102980002A4D194622F0010200268A4241D82168C8
:1029900006910699CE07FAD5274909682568079553
:1029A000079DED07FAD50160002120480C469942A9
:1029B00032D11E4900209A4231D808B0BDE8F081DA
:1029C00026680296029EF607FAD500F1A04606F5A3
:1029D0002C363668D4F80080CDF80C80DDF80C80F9
:1029E00018F0010FF6D0CEF8006000269E4205D107
:1029F0001E46B54206D801320430ABE7C7F800C026
:102A00000136F3E7C7F800C00136F2E70D60013286
:102A1000B3E72E600131B8E704600131C7E7086011
:102A20000133C8E7B4B0025024AC0014D8B002504F
:102A30007CB00250D4B0025078B0025008B540B11A
:102A4000202801464FF0070228BF20210020FFF771
:102A500055FF024B00221A6008BD00BF1CB802508F
:102A6000F0B52A4D85B02C462E680096009EF707DB
:102A7000FAD500F1A05000F52C40800005682068D0
:102A800001900198C607FAD5214E2248356002EB25
:102A90008307BA422BD15A1C1E4822F0010200279C
:102AA0009A4229D823680293029BD807FAD51A4B79
:102AB0000B449B0018681F30B2EB501F4FEA5013B5
:102AC00013D2216803910399C907FAD5154400214F
:102AD0009B1A104A356008468B4210D85A1C0D4983
:102AE00022F0010200209A420CD805B0F0BD52F845
:102AF00004CBC0F800C0CCE707600133D0E710601A
:102B00000131E9E708600133EDE700BFB4B00250DE
:102B1000D4B00250D8B0025024AC00142DE9F041DA
:102B2000834B1D6898682033A0B01E461A68019236
:102B3000019AD207FAD57F4C7F4B2360336802930A
:102B4000029BDF07FAD57D4B23607D4B1F461A6839
:102B50000392039AD107FAD57A4B1968C1F3402141
:102B600032680492049AD207FAD5774A22603A680A
:102B70000592059AD207FAD51A68C2F340220029B5
:102B800000F0D180002A00F0CE8032680692069ACA
:102B9000D107FAD56D4A22603A680792079AD207A0
:102BA000FAD51A68C2F34022316808910899C9071A
:102BB000FAD567492160396809910999C907FAD599
:102BC0001B68C3F34023002A00F0AF80002B00F005
:102BD000AC8033680A930A9BDA07FAD5564B236018
:102BE00033680B930B9BDB07FAD55A4A2260336894
:102BF0000C930C9BDF07FAD5574B236033680D937A
:102C00000D9BD907FAD5554B236033680E930E9B65
:102C1000DB07FAD5524B236033680F930F9BDF0716
:102C2000FAD5504B2360504B1E46196810911099ED
:102C3000C907FAD53F4C4D4B236033681193119B64
:102C4000DB07FAD54A4B236033681293129BDF07E8
:102C5000FAD5484B23603A4B98461968139113995B
:102C6000C907FAD5324F386033681493149BDB07D9
:102C7000FAD5226033681593159BD807FAD53E4BD9
:102C8000236033681693169BD907FAD53B4B236014
:102C900033681793179BDA07FAD5394B23603368EB
:102CA0001893189BDB07FAD5364B236033681993CA
:102CB000199BD807FAD5344B236033681A931A9BB3
:102CC000D907FAD5314B236033681B931B9BDA0776
:102CD000FAD52F4B236000F033FC08BBD8F8003046
:102CE0001C931C9BDB07F9D53D6033681D931D9B2E
:102CF000D907FAD5274B236033681E931E9BDA074A
:102D0000FAD5254B2360D8F800301F931F9BDB07B3
:102D1000F9D50C4B1B6813F4805F204B08BF184695
:102D200020B0BDE8F0811E48FAE71E48F8E700BF72
:102D300090B0025080B0025000100251C01F7229A2
:102D4000B4B0025088B00250C0CF0129C01F0E2974
:102D5000C03F002940010249003184A80000164903
:102D6000400108A180440888B0B00250C044708877
:102D700080077A41C0077E4100006A4980061649F3
:102D800040006E4900020021008220214082202163
:102D90008082242140A161A100C861510308F10093
:102DA0000108F1000208F10001F062BB01F093BAE2
:102DB0000A46002101F08FBA01EB820204388A42F0
:102DC00001D10020704752F8043D1BBA40F8043F7F
:102DD000F5E700002DE9F74F314B44680546914671
:102DE0009A461A68002AFCD12E4B9B461A68002A84
:102DF000FCD14FF0FF30019100F094FC802000F0F6
:102E000097FC294E294ADFF8B880294F0123072073
:102E10003360A2F59E72C2F83C011360636AC8F881
:102E20000030A36A3B602B6842F8043CAB68204644
:102E300098470199DAF80030002BFBD1B9F1000F67
:102E400020D11C4B04221A60DAF80030002BFBD191
:102E5000DBF80090B9F1000FFAD1EB6820469847F3
:102E6000D8F8003063623B68A362134BC3F800904C
:102E7000C3F84491DAF80030002BFBD1336003B083
:102E8000BDE8F08F236A012B04BF0B4A13600B4B84
:102E900040201960C3F8049000F050FCD4E700BF54
:102EA00010B9025020BC025018B8025000B90250AC
:102EB000D0B70250C8B7025084B6025028BC0250A6
:102EC000CCB7025010B5544B98B019461A6801920D
:102ED000019AD207FAD5514B514A1A600A680292F8
:102EE000029AD407FAD54F4A1A600A680392039AE5
:102EF000D007FAD54C4818600A680492049AD207A1
:102F0000FAD54A4A1A600A680592059AD407FAD592
:102F1000474A1A600A680692069AD207FAD5454AC5
:102F20001A600A680792079AD407FAD5424A1A60CB
:102F30000A680892089AD207FAD5404A1A600A68C5
:102F40000992099AD407FAD53D4A1A600A680A928A
:102F50000A9AD207FAD53B4A1A600A680B920B9A72
:102F6000D407FAD5384A1A600A680C920C9AD2072C
:102F7000FAD5364A1A600A680D920D9AD407FAD526
:102F8000334A1A600A680E920E9AD207FAD5314A6D
:102F90001A600A680F920F9AD407FAD52E4A1A605F
:102FA0000A681092109AD207FAD52C4A1A601A4B66
:102FB00019461C681194119CE407FAD5174B186048
:102FC000086812901298C407FAD51A600A6813921A
:102FD000139AD007FAD5124A1A600A681492149A02
:102FE000D207FAD51E4A1A600A681592159AD407B4
:102FF000FAD51C4A1A600A681692169AD007FAD5B2
:10300000194A1A600A681792179AD207FAD5174A0E
:103010001A6018B010BD00BFB0B0025080B00250AE
:1030200000936521000431904096659000836121F2
:1030300000C3302100C364900081619000461021DC
:10304000008111210041442100C320290C4610C8F1
:103050000086312100C3602140C1282940966521A6
:103060000013319040962529594614C8400432492E
:1030700010B5494B94B019461A680092009AD207CD
:10308000FAD5464B464A1A600A680192019AD4075B
:10309000FAD5444A1A600A680292029AD007FAD511
:1030A000414818600A680392039AD207FAD53F4A4A
:1030B0001A600A680492049AD407FAD53C4A1A6046
:1030C0000A680592059AD207FAD53A4A1A600A6840
:1030D0000692069AD407FAD5374A1A600A68079208
:1030E000079AD207FAD5354A1A600A680892089AF0
:1030F000D407FAD5324A1A600A680992099AD207A7
:10310000FAD5304A1A600A680A920A9AD407FAD5A0
:103110002D4A1A600A680B920B9AD207FAD52B4AED
:103120001A600A680C920C9AD407FAD5284A1A60D9
:103130000A680D920D9AD207FAD5264A1A600A68D3
:103140000E920E9AD407FAD5234A1A600A680F9293
:103150000F9AD207FAD5214A1A600F4B19461C68FC
:103160001094109CE407FAD50C4B18600868119075
:103170001198C407FAD51A600A681292129AD007F9
:10318000FAD5174A1A600A681392139AD207FAD529
:10319000144A1A6014B010BDB0B0025080B0025092
:1031A000809065210004099040966590808061219F
:1031B00080200821802064900081619000461021C9
:1031C000008111210041442180202029024610C89D
:1031D0000086092180206021402128294096652110
:1031E00040962529594614C810B5504B96B01C4638
:1031F0001A680192019AD207FAD54D4B4D4A1A60CE
:1032000022680292029AD207FAD54B4A1A604B4AB8
:1032100042EA804022680392039AD207FAD51860E6
:1032200022680492049AD007FAD5454A1A60A2F59A
:10323000800242EA814122680592059AD207FAD5B6
:10324000196022680692069AD007FAD53D4A1A609C
:1032500022680792079AD107FAD53B4A1A6022687A
:103260000892089AD207FAD5384A1A602268099259
:10327000099AD007FAD5364A1A6022680A920A9A41
:10328000D107FAD5334A1A6022680B920B9AD207FB
:10329000FAD5314A1A6022680C920C9AD007FAD5F6
:1032A0002E4A1A6022680D920D9AD107FAD52C4A3F
:1032B0001A6022680E920E9AD207FAD5294A1A602D
:1032C00022680F920F9AD007FAD5274A1A60216810
:1032D00010911099C907FAD51A60144B1A4619684B
:1032E00011911199C807FAD5114B2049196011683D
:1032F00012911299C907FAD51D49196011681391E5
:103300001399CC07FAD50B491960116814911499D7
:10331000C807FAD517491960116815911599C90799
:10332000FAD5154A1A6016B010BD00BFB0B00250F1
:1033300080B002504004419000862929D81001C86D
:1033400040144190401421294014652100344090DC
:1033500000310C90C0400C90C030202940960D9058
:1033600000416090031645C800861121004160218C
:10337000594644C84014459040142D9070B52648D5
:1033800088B0054604680094009CE607FAD52348F7
:10339000234C0460234C44EA83432C680194019C31
:1033A000E407FAD50360930143EA824242F01044F5
:1033B00044F4C0442B680293029BDE07FAD50460F4
:1033C0002B680393039BDB07FAD5174B03608B0134
:1033D00043EA814141F0104343F4C0432E68049610
:1033E000049EF607FAD503602B680593059BDE075C
:1033F000FAD5046041F058412B680693069BDC0720
:10340000FAD5016042F058422B680793079BDB070F
:10341000FAD5026008B070BDB0B0025080B0025062
:10342000C02102298071009880611890354B8EB0C0
:1034300019461A680092009AD207FAD5324B334ADD
:103440001A600A680192019AD007FAD5304A1A60C8
:103450000A680292029AD207FAD52E4A1A600A68BE
:103460000392039AD007FAD52B4A1A600A6804928D
:10347000049AD207FAD5294A1A600A680592059A71
:10348000D007FAD5264A1A600A680692069AD20729
:10349000FAD5244A1A600A680792079AD007FAD523
:1034A000214A1A600A680892089AD207FAD51F4A78
:1034B0001A600A680992099AD007FAD51C4A1A605C
:1034C0000A680A920A9AD207FAD51A4A1A60086854
:1034D0000B900B98C007FAD51A600A680C920C9AE8
:1034E000D007FAD5144A1A600A680D920D9AD207CD
:1034F000FAD5124A1A600E210D230F2200200EB0B9
:10350000FFF73CBFB0B0025080B0025080430129A9
:1035100040633921807001298020542100D13490EA
:10352000C0403490C0302029C0530D9000413890E5
:10353000832308C880E3102100413821CF4308C805
:103540002DE9F041012392B0CDE90333624B1E46D1
:103550001A680592059AD107FAD5604C604B236032
:10356000604B19461A680692069AD207FAD55E4B46
:103570001A68D70400F1A88032680792079AD50725
:10358000FAD55A4A22600A680892089AD007FAD5F2
:103590001B68DA04C3F3003700F198801220FFF7AC
:1035A000CFF805461320FFF7CBF885428CBF1220D9
:1035B0001320FFF7C5F8451EFFF738FF03AB01AA3C
:1035C00029461220FFF704F904AB804602AA2946D7
:1035D0001320FFF7FDF800EB4800022832D0032843
:1035E0003ED0012874D133680993099BDB07FAD5D3
:1035F0003F4B236033680A930A9BD807FAD53D4BAB
:10360000236033680F930F9BD907FAD53A4B236099
:1036100033681093109BDA07FAD5384B2360336870
:103620001193119BDB07FAD5354B2360013D25D55E
:103630001023192218210020FFF7A0FE384612B0EF
:10364000BDE8F08133680B930B9BD907FAD52D4B5E
:10365000236033680C930C9BDA07FAD52A4BCFE72B
:1036600033680D930D9BDB07FAD5284B2360336835
:103670000E930E9BD807FAD5254BC1E703AB01AAE1
:1036800029461220FFF7A4F804AB044602AA2946F3
:103690001320FFF79DF810EB440402D1FFF712FC52
:1036A000C4E7FFF7E5FC022C08D0032C09D0012C5D
:1036B00010D117211620FFF797FDB7E71521142029
:1036C000F9E70F210E20F6E7124FB7E7124FB5E7E3
:1036D000124FB3E7124FB1E7B0B0025080B00250C2
:1036E00000084A51B4B0025088B0025000084E5150
:1036F00000065A4940065E4900044241001442490E
:1037000040042E49000652494006564900063A49EF
:1037100040063E490608F1000708F1000408F100E0
:103720000508F100014B1860704700BF08BA02504D
:10373000014B1860704700BF04BA0250094BC243E6
:103740001A60043B82B01B680193074B019A024246
:1037500004D0064A1060186802B0704720BF1A688B
:103760000192F3E704BA0250E4A2002008BA025022
:10377000054B4FF0FF321A6053F8042C034B1A60CC
:103780001A68034B1A60704704BA0250E4A2002082
:1037900008BA025008B5064B044613B10021AFF336
:1037A0000080044B1B6803B19847204602F026FDB9
:1037B0000000000020A400202DE9FF4757EC106B0B
:1037C000002F0C4619463B46BBBF07F100431F467E
:1037D00000232D230B700D9BDDF830A0914623F0C4
:1037E0002008BCBF32461646B8F1460F05D0B8F1E6
:1037F000450F00D10134022100E0032103AB019306
:1038000002AB009347EC106B5346224600F0D0FE0B
:10381000B8F1470F054619D119F0010F0ED000EB92
:103820000409002200233046394603F00DF908B19F
:10383000CDF80C903022039B4B451ED3039B0E9A70
:103840005B1B2846136004B0BDE8F087B8F1460F53
:1038500000EB0409E5D10378302B0AD100220023C4
:103860003046394603F0F0F818B9C4F10104CAF83B
:103870000040DAF800309944D3E7591C03911A70DC
:10388000D9E7F7B50029BABF49422D232B230929CF
:103890000270437029DD0DF107031D460A271A4601
:1038A000B1FBF7F607FB1614303402F8014C0C4656
:1038B000632C03F1FF333146F1DC3031941E03F801
:1038C000011C411C2346AB420AD30DF109039B1A8C
:1038D000AC4288BF002302330344181A03B0F0BD82
:1038E00013F8016B01F8016FEDE73023303183707D
:1038F000C170031DF1E700002DE9F04F8DB00C46BB
:10390000DDF8588016461F46054600F0EDFC0368BA
:103910000493184600F0BAFD00230A93D8F800304B
:103920000590073323F0070303F1080294F818A069
:10393000D4F800B0C8F80020D3E9008929F000438A
:103940000793CDF81880C4E91289DDE906019C4B84
:103950004FF0FF3203F0AAF870BBDDE90601984B87
:103960004FF0FF3203F084F830BB002200234046C2
:10397000494603F073F810B12D2384F84330914A7F
:10398000914BBAF1470F8CBF9046984603232361B1
:103990002BF0040323604FF00009009733460BAA75
:1039A0002146284600F0D2F9013040F08D804FF0DA
:1039B000FF300DB0BDE8F08F42464B4640464946C9
:1039C00003F074F840B14B46002BBCBF2D2384F8A4
:1039D00043307E4A7E4BD4E763680AF0DF020692EA
:1039E0005A1C3BD1062363604BF4806200232260A3
:1039F00003930AABCDE901A309AB0093616849ECDD
:103A0000108B0DF123032846FFF7D6FE069B09997C
:103A1000472B804629D1C81C02DB6368994241DDEF
:103A2000AAF1020A5FFA8AFA0139524604F15000FB
:103A30000991FFF726FF0A9A1318012A814623618C
:103A400002DC2268D20701D5013323619DF82330BF
:103A5000002BA2D02D2384F843309EE7069A472AF4
:103A6000C2D1002BC0D10123BDE7BAF1650FDBD96C
:103A7000BAF1660F18D1002963680BDD216113B913
:103A80002268D00702D501330B442361A1654FF0B2
:103A90000009DBE713B92268D20701D50233F4E746
:103AA0000123F2E74FF0670A0A9B994205DB23687E
:103AB0002161D807EAD54B1CE7E70029D4BFC1F143
:103AC000020201221344E0E723685A0507D4236960
:103AD000424631462846B84701302BD167E7BAF154
:103AE000650F40F2DD80D4E912010022002302F0CC
:103AF000ABFF002833D0374A012331462846B84768
:103B000001303FF454AFDDE90938434502DB236857
:103B1000D8070FD5DDE9042331462846B8470130E0
:103B20003FF445AF4FF0000908F1FF3804F11A0ADD
:103B3000C84509DC23689B0700F10381E0680B9B03
:103B40009842B8BF184634E701235246314628460A
:103B5000B84701303FF42BAF09F10109E8E7099BB1
:103B6000002B39DC1B4A012331462846B847013077
:103B70003FF41DAFDDE9093959EA030302D1236897
:103B8000D907D7D5DDE9042331462846B8470130A7
:103B90003FF40DAF4FF0000A04F11A0B099B5B4292
:103BA000534501DC4B4693E701235A4631462846EC
:103BB000B84701303FF4FBAE0AF1010AEEE700BF5F
:103BC000FFFFEF7FB87B0F00B47B0F00C07B0F00BF
:103BD000BC7B0F005C710F00A36DDDF828A053457E
:103BE000A8BF5346002B994636DC4FF0000B29EA5C
:103BF000E97904F11A02A36D0693A3EB09035B456F
:103C000031DC099B9A453ADC2368DA0737D4099BF3
:103C1000AAEB0309069BAAEB03039945A8BF9946A3
:103C2000B9F1000F33DC4FF0000829EAE97904F11B
:103C30001A0B099BAAEB0303A3EB090343457FF788
:103C400079AF01235A4631462846B84701303FF440
:103C5000AEAE08F10108ECE7424631462846B847C7
:103C60000130C2D1A3E60123314628460692B84767
:103C700001303FF49CAE069A0BF1010BBBE7DDE986
:103C8000042331462846B8470130C0D18FE6069A52
:103C90004B46424431462846B8470130C3D186E6F8
:103CA000DDF828A0BAF1010F01DCDB0736D50123CE
:103CB000424631462846B84701303FF478AEDDE948
:103CC000042331462846B84701303FF470AED4E9AA
:103CD0001201002200230AF1FF3A02F0B5FEC0B93A
:103CE000534608F1010231462846B84701300CD14D
:103CF0005DE601235A4631462846B84701303FF475
:103D000056AE08F10108D045F3DB4B4604F15002F2
:103D1000DFE64FF0000804F11A0BF4E701234246F6
:103D2000E1E701234A4631462846B84701303FF4CF
:103D30003EAE08F10108E3680B995B1A4345F0DCDD
:103D4000FCE64FF0000804F11909F4E72DE9F0470B
:103D5000164698468A680B69DDF820909342B8BFF2
:103D60001346336091F8432007460C460AB10133ED
:103D700033602368990642BF336802333360256895
:103D800015F0060506D104F1190AE36832689B1A9A
:103D9000AB4226DC94F843302268003B18BF012375
:103DA00092062BD404F1430241463846C8470130FD
:103DB0001ED02368226903F00603042B02BFE568C6
:103DC0003368ED1AA3680CBF25EAE5750025934218
:103DD000C4BF9B1AED1800261A34B5421AD1002030
:103DE00008E00123524641463846C847013003D116
:103DF0004FF0FF30BDE8F0870135C6E7E1185A1CE7
:103E0000302081F84300224494F8451082F8431092
:103E10000233C7E70123224641463846C8470130EE
:103E2000E6D00136D9E700002DE9FF470F7E0C9E52
:103E3000782F914680460C469A4601F1430207D8F6
:103E4000622F0AD8002F00F0D180582F00F0B880E0
:103E500004F1420684F842703AE0A7F16303152B9F
:103E6000F6D801A151F823F0C13E0F00D53E0F0056
:103E7000513E0F00513E0F00513E0F00513E0F00CA
:103E8000D53E0F00513E0F00513E0F00513E0F0036
:103E9000513E0F00D33F0F00FF3E0F008D3F0F003C
:103EA000513E0F00513E0F00F53F0F00513E0F00F5
:103EB000FF3E0F00513E0F00513E0F00953F0F0097
:103EC00033681A1D1B68326004F1420684F84230E0
:103ED00001239CE033682068191D3160060601D576
:103EE0001D6803E04506FBD5B3F90050002D03DA49
:103EF0002D236D4284F8433058480A2311E021688D
:103F00003368080653F8045B02D4490648BFADB2D3
:103F10006F2F5248336014BF0A230823002184F80E
:103F200043106668A660002E05DB21682E4321F051
:103F3000040121604BD01646B5FBF3F103FB11578A
:103F4000C75D06F8017D2F46BB420D46F4D9082B0C
:103F50000BD12368DF0708D5236961689942DEBF6A
:103F6000302306F8013C06F1FF36921B2261CDF8A2
:103F700000A04B4603AA21464046FFF7E7FE01306A
:103F80004AD14FF0FF3004B0BDE8F087236843F01A
:103F9000200323603248782784F84570236831680D
:103FA0001F0651F8045B02D45F0648BFADB2316012
:103FB000D90744BF43F0200323601DB11023ADE7B0
:103FC0002648E9E7236823F020032360F6E7164636
:103FD000BDE7336825686169181D30602E061B68CF
:103FE00001D5196002E06806FBD519800023236122
:103FF0001646BCE733681A1D32601E6862680021ED
:10400000304600F0E5F908B1801B60606368236109
:10401000002384F84330AAE72369324649464046E4
:10402000D0470130ADD023689B0713D4E068039BD1
:104030009842B8BF1846A6E7012332464946404693
:10404000D04701309DD00135E36803995B1AAB423C
:10405000F2DCEBE7002504F11906F5E7C47B0F005D
:10406000D57B0F00002310B50446C0E90033C0E93A
:104070000433836081814366C281836119460822CB
:104080005C3000F028F90D4B63620D4BA3620D4BC1
:10409000E3620D4B23630D4B24629C4206D003F177
:1040A0006802944202D0D0339C4205D104F15800FA
:1040B000BDE8104000F086B910BD00BF31420F00CE
:1040C00053420F008B420F00AF420F00E8A20020C6
:1040D000024A0349034800F07BB800BFC4590020DE
:1040E000A55D0F00D459002041680C4B994210B5D2
:1040F000044601D001F056FEA168094B994202D056
:10410000204601F04FFEE168064B994204D020465C
:10411000BDE8104001F046BE10BD00BFE8A200207F
:1041200050A30020B8A3002010B50B4B0B4C0C4A39
:104130001A60204600220421FFF794FF04F1680072
:1041400001220921FFF78EFF04F1D0000222BDE811
:1041500010401221FFF786BF20A40020E8A2002013
:10416000D1400F00014800F02EB900BF29A4002063
:10417000014800F029B900BF29A4002010B5044669
:10418000FFF7F0FF236A1BB1BDE81040FFF7F0BF57
:10419000044B2362044B1B68002BF5D1FFF7C4FFCF
:1041A000F2E700BFE9400F0020A400200EB403B5E1
:1041B000014603AB054853F8042B0068019301F056
:1041C00055FC02B05DF804EB03B07047D0590020F5
:1041D0002DE9F8430746884614460026D4E90195A0
:1041E000B9F1010905D52468002CF7D13046BDE8A6
:1041F000F883AB89012B07D9B5F90E30013303D011
:1042000029463846C04706436835E9E70FB407B585
:10421000064904AB086853F8042B8168019301F048
:1042200025FC03B05DF804EB04B07047D0590020C2
:1042300010B50C46B1F90E1000F07CF80028ABBFA9
:10424000636DA3891B1823F48053ACBF6365A381FE
:1042500010BD2DE9F0411F468B89DB0505460C4654
:10426000164605D5B1F90E100223002200F050F8D1
:10427000A389B4F90E1023F48053A38132463B4640
:104280002846BDE8F04100F067B810B50C46B1F91A
:104290000E1000F03DF8431CA38915BF606523F4A0
:1042A000805343F48053A38118BFA38110BDB1F99B
:1042B0000E1000F01DB810B501390244904201D132
:1042C000002005E0037811F8014FA34201D0181B2C
:1042D00010BD0130F2E702440346934200D170471B
:1042E00003F8011BF9E7000000487047105B00204D
:1042F00038B5064D0023044608462B6001F040FF08
:10430000431C02D12B6803B1236038BD24A40020D4
:1043100038B5074D04460846114600222A601A4661
:1043200001F056FF431C02D12B6803B1236038BD56
:1043300024A4002038B5074D044608461146002243
:104340002A601A46F8F71CFE431C02D12B6803B101
:10435000236038BD24A4002038B5074D0446084624
:10436000114600222A601A46F8F7FCFD431C02D1D0
:104370002B6803B1236038BD24A4002070B50D4D17
:104380000D4C641BA4100026A64209D10B4D0C4C09
:1043900002F042FD641BA4100026A64205D170BDA8
:1043A00055F8043B98470136EEE755F8043B98472B
:1043B0000136F2E78C5B00208C5B00208C5B0020D8
:1043C000905B0020704770477047000000000000BD
:1043D00001F0FF01102A2BDB10F0070F08D010F8B6
:1043E000013B013A8B422DD010F0070F42B3F6D1BA
:1043F000F0B441EA012141EA014122F007047FF0D3
:1044000000070023F0E80256083C85EA010586EA29
:10441000010685FA47F5A3FA87F586FA47F6A5FA65
:1044200087F68EB9EED1F0BC01F0FF0102F0070271
:1044300032B110F8013B013A83EA010313B1F8D11C
:104440000020704701387047002D06BF35460338FD
:10445000073815F0010F07D1013015F4807F02BF36
:10446000013015F4C03F0130F0BC0138704700BF87
:104470000A44914200F1FF3300D1704710B511F8A2
:10448000014B03F8014F9142F9D110BD034613F8D7
:10449000012B002AFBD1181A013870472DE9F74F7C
:1044A00003690C69A34207467EDB013C01F1140855
:1044B000A30000F11405009305EB8403019358F861
:1044C000243055F8242001339A4208EB8409B2FBCA
:1044D000F3F62ED34FF0000AC446AE46D3465CF83E
:1044E000043B98B206FB00A0020C1B0C06FB032346
:1044F000DEF8002080B292B2121A5A44DEF80000B0
:104500004FEA134A9BB2C3EB224303EB104392B230
:1045100042EA0342E1454EF8042B4FEA234BDED238
:10452000009BEB582BB9019B043B9D421A462FD3AD
:104530003C61384601F068F9002825DB2946002057
:1045400058F8042BD1F800C01FFA82FE1FFA8CF332
:10455000A3EB0E030344120CC2EB234202EB1C42FA
:104560009BB243EA0243C14541F8043B4FEA224073
:10457000E6D255F8242005EB840322B9043B9D4282
:104580001A460BD33C610136304603B0BDE8F08FCC
:104590001268043B002ACBD1013CC6E71268043BF9
:1045A000002AEFD1013CEAE70020EEE7000000001E
:1045B0002DE9F04FC76999B08DED040B55EC104B08
:1045C000229E099183460E9213937FB9102000F02A
:1045D000F3FD0246CBF81C0020B9A54BEF21A548FE
:1045E00001F0ACFCC0E901770760C760DBF81C3064
:1045F000196859B15A684A60012393408B60584644
:1046000000F0D0FEDBF81C3000221A602B1EB9BF70
:1046100023F00043059300233360059F964BBCBFF6
:1046200001223260BB4312D1139A42F20F7313601E
:10463000C7F31303234300F04385239BDFF84CA209
:10464000002B00F045850AF1030300F03FBD9DED0E
:10465000047B002251EC170B00238DED0C7B02F044
:10466000F3F9804658B1139A01231360239B13B1C9
:10467000239A824B1360DFF818A200F029BD9DED4C
:104680000C0B16AA17A9584601F06EF9C7F30A5683
:104690008146002E77D00D9BCDF85080C3F31303D5
:1046A000DDE90C0143F07F5343F44013A6F2FF36DB
:1046B00019460022724B01F0A7FD67A3D3E900233E
:1046C00001F05AFF66A3D3E9002301F09FFD0446E1
:1046D00030460D4601F0E6FE63A3D3E9002301F066
:1046E0004BFF02460B462046294601F08FFD04464B
:1046F0000D4602F0F1F90022074600232046294624
:1047000002F0ACF940B1384601F0CCFE22462B460F
:1047100002F09AF900B9013F162F51D8594B03EB1B
:10472000C703D3E90023DDE90C0102F097F9002863
:1047300048D0013F00231293169B9B1B5A1E44BF77
:10474000C3F101080023089254BF4FF000080893FA
:10475000002F39DB089B0F973B44089300230A93F3
:10476000099B092B61D8052BC4BF043B0993099B06
:10477000A3F10203CCBF00240124032B61D8DFE89E
:1047800003F05052352ADDE916631E4406F2324327
:10479000202BC1BFC3F140039F4006F2124324FA0D
:1047A00003F3D6BFC3F1200347EA030004FA03F082
:1047B00001F068FE0122A1F1F873013E149277E73F
:1047C0000123B8E71290B7E77B420A930023A8EBD6
:1047D00007080F93C4E701230B930E9BFB1800936C
:1047E0000133012B0393B8BF012306E001230B9390
:1047F0000E9B002B28DD00930393DBF81C000021A7
:10480000042202F114059D4223D94160584600F06C
:1048100089FD824600283DD11B4B024640F2AF1174
:10482000DDE60023E3E70023D6E701240023099314
:104830000B944FF0FF3300930393002212230E9248
:10484000DBE701230B93F4E70123009303931A465C
:10485000F5E701315200D4E761436F63A787D23F88
:10486000B3C8608B288AC63FFB799F501344D33F5F
:10487000F37B0F000A7C0F000000F07F5D710F00DA
:104880000000F83FE0820F00637C0F00EF7B0F0019
:104890005C710F00DBF81C301860039B0E2B00F2DC
:1048A000A180002C00F09E80002F33DD9C4B07F090
:1048B0000F0203EBC20393ED007BF8058DED067B41
:1048C0004FEA271416D5974BDDE90C01D3E90823ED
:1048D00001F07CFFCDE9040104F00F040326914DA3
:1048E00054B9DDE90623DDE9040101F06FFFCDE9EC
:1048F000040128E00226F2E7E10708D5DDE9060118
:10490000D5E9002301F038FECDE906010136641037
:104910000835E5E700F0AF807C42814B814D04F023
:104920000F0203EBC203D3E90023DDE90C0101F020
:1049300023FECDE90401241100230226002C40F0BF
:104940008F80002BD3D1129BDDE90445002B00F0B2
:104950009480754B00222046294602F07FF80028FB
:1049600000F08B80039B002B00F08780009B002BC6
:1049700034DD7B1E069320466C4B0022294601F055
:10498000FBFDCDE90401009C0136304601F08AFDB3
:10499000DDE9042301F0F0FD654B002201F036FC57
:1049A0000546A1F15076002C6AD1DDE90401614B86
:1049B000002201F029FC02460B46CDE904232A46D9
:1049C000334602F069F8002840F08782DDE90401EF
:1049D0002A4606F1004302F041F838BBDDE90C3409
:1049E000CDE90434179B002BC0F258810E2F00F341
:1049F00055814B4B03EBC70393ED007B0E9B002BC4
:104A00008DED007B80F2E580039B002B00F3E180BD
:104A10000CD1484B002251EC170B01F0ADFDDDE944
:104A2000042302F02FF8002800F0558200242546C8
:104A30000E9BDB430693564600272146584600F05E
:104A4000B1FC002D00F0BD802FB1AF4203D039463C
:104A5000584600F0A7FC2946584600F0A3FCB0E0F9
:104A6000E20705D5D5E9002301F086FD01360123D3
:104A70006410083562E7022665E7039C069784E721
:104A8000274B0B9903EBC40353E902235444002939
:104A900054D02949002001F099FE33462A4601F0FE
:104AA000B3FBCDE910015646DDE9040102F014F82C
:104AB000054601F0F7FC02460B46DDE9040101F072
:104AC000A3FB303502460B46CDE9042306F8015B13
:104AD000DDE9102301F0C2FF002872D1DDE90423D3
:104AE0001149002001F090FBDDE9102301F0B6FF31
:104AF000002840F0B480A6423FF470AFDDE9100119
:104B00000A4B002201F038FD084BCDE910010022CC
:104B1000DDE9040101F030FDCDE90401C4E700BF87
:104B2000E0820F00B8820F000000F03F0000244038
:104B300000001C40000014400000E03F31462846C1
:104B400001F01AFDCDE9100115945646DDE9040186
:104B500001F0C2FF054601F0A5FC02460B46DDE967
:104B6000040101F051FB303506F8015B02460B46AB
:104B7000A642CDE904234FF0000224D1AB4BDDE97E
:104B8000100101F043FB02460B46DDE9040101F090
:104B900083FF002863D1DDE91023A449002001F040
:104BA00033FB02460B46DDE9040101F057FF002804
:104BB0003FF414AF159E731E159316F8013C302B6D
:104BC000F8D0069F3BE09A4B01F0D6FCCDE90401FA
:104BD000BCE7DDE904455646DDE9002320462946C9
:104BE00001F0F4FD01F078FF804601F05BFCDDE9A7
:104BF000002301F0C1FC02460B462046294608F17D
:104C0000300401F001FB06F8014B039DA6EB0A04FA
:104C1000A54202460B4634D101F0F8FADDE9002343
:104C200004460D4601F038FFC0B9DDE900232046F7
:104C3000294601F009FF10B118F0010F0ED14946C5
:104C4000584600F0AFFB00233370139B01371F6001
:104C5000239B002B00F03C821E6039E2069733460E
:104C60001E4613F8012D392A07D19A45F8D1069A24
:104C70000132069230228AF800201A7801321A7026
:104C80009FE76B4B002201F077FC002200230446D3
:104C90000D4601F0D9FE00289ED0D0E70B9A002ADD
:104CA00000F0E180099A012A00F3C480149A002AD6
:104CB00000F0B78003F233430A9C4646089A01216C
:104CC0001A4458469844089200F020FC05465EB10C
:104CD000089B002B08DDB342089AA8BF3346A8EB17
:104CE0000308F61AD31A08930A9BF3B10B9B002B07
:104CF00000F0BD808CB129462246584600F0BEFC2B
:104D00004A4601460546584600F016FC49460690BC
:104D1000584600F047FB069B99460A9B1A1B04D095
:104D20004946584600F0AAFC81460121584600F049
:104D3000EDFB0F9B0446002B00F0CE811A46014686
:104D4000584600F09BFC099B012B044600F395801C
:104D5000049B002B40F08D80059BC3F31303002BB5
:104D600040F08980059B23F000431B0D1B052BB1F0
:104D7000089B0133089308F1010801230A930F9B54
:104D8000002B00F0AF81236904EB8303186900F066
:104D900071FBC0F12000089B184410F01F0077D071
:104DA000C0F12003042B6BDD089BC0F11C00034401
:104DB000804406440893B8F1000F05DD4946424699
:104DC000584600F0B5FC8146089B002B05DD2146C6
:104DD0001A46584600F0ACFC0446129B002B59D0F2
:104DE0002146484600F010FD002853DA7B1E06934A
:104DF000494600230A22584600F0F6FA0B9B8146EA
:104E0000002B00F07181002329460A22584600F049
:104E1000EBFA009B002B054667DC099B022B41DC6B
:104E200063E0169BC3F1360346E700BF0000E03F96
:104E300000002440039B5C1E0A9BA34209DB1C1B51
:104E4000039B002BBFF639AF039BA8EB030600239F
:104E500034E70A9B0F9A0A94E31A1A440F92039BB1
:104E6000464600242AE70A9C0B9D46462FE70A9AED
:104E700056E7002382E7049B80E700230A9382E73A
:104E800099D0089A1C331A4498441E44089292E719
:104E90000346F6E7039B0697002B20DC0093099B53
:104EA000022B1EDD009B002B7FF4C2AD21460522A4
:104EB000584600F099FA01460446484600F0A4FC22
:104EC00000287FF7B5AD5646312306F8013B069B17
:104ED00001330693B0E5039C06972546F3E7039B51
:104EE00000930B9B002B00F00381002E05DD29466B
:104EF0003246584600F01CFC05460A9B002B5AD04F
:104F00006968584600F00EFA064628B9834B0246F7
:104F100040F2EF21FFF763BB2A690232920005F1EC
:104F20000C010C30FFF7A4FA01223146584600F07C
:104F3000FFFB0AF101030393009B53440B93049B73
:104F400003F001032F460A930546039B2146013BCC
:104F500048460093FFF7A2FA3946049000F1300862
:104F6000484600F051FC2A4608902146584600F079
:104F700067FCC268064602BB0146484600F044FC96
:104F80000246314658460E9200F00CFA099B0E9AE2
:104F9000039E42EA03010A9B194310D1B8F1390F6D
:104FA00029D0089B002B02DD049B03F13108009BF4
:104FB00083F8008041E52846BBE70122E1E7089B32
:104FC000002B04DB09990B430A990B4320D1002ADB
:104FD000EDDD49460122584600F0AAFB21468146F4
:104FE00000F012FC002803DCE1D118F0010FDED044
:104FF000B8F1390FD8D1009A3923137033461E46C1
:10500000013B16F8012C392A51D001321A7014E5EF
:10501000002A07DDB8F1390FEDD0009A08F101033D
:1050200013700AE5039B0B9A03F8018C934228D076
:10503000494600230A22584600F0D6F9AF4281467D
:105040004FF000034FF00A023946584607D100F0EE
:10505000CBF907460546039B0133039375E700F040
:10506000C3F92946074600230A22584600F0BCF936
:105070000546F0E7009B002BCCBF1E460126564498
:10508000002749460122584600F052FB214681463E
:1050900000F0BAFB0028B1DC02D118F0010FADD14D
:1050A00033461E4613F8012D302AFAD0C5E49A453E
:1050B000A5D1069B0133069331238AF80030BCE466
:1050C000239BDFF85CA01BB10AF10803239A13604D
:1050D000504619B0BDE8F08F099B012B7FF738AE21
:1050E0000F9B0A93012056E6009B002B7FF7D7AE5B
:1050F000564621464846FFF7D1F900F1300806F838
:10510000018B009BA6EB0A029342B3DD49460023C4
:105110000A22584600F068F98146EAE7637C0F00EE
:10512000E67B0F0038B50546002941D051F8043C14
:105130000C1F002BB8BFE41800F0E8F81D4A1368F4
:1051400033B9636014602846BDE8384000F0E4B825
:10515000A34208D9206821188B4201BF19685B68F7
:1051600009182160EDE71A465B680BB1A342FAD932
:1051700011685018A0420BD1206801445018834296
:105180001160E0D118685B68536008441060DAE78A
:1051900002D90C232B60D6E7206821188B4204BF6C
:1051A00019685B68636004BF091821605460CAE72E
:1051B00038BD00BF30A40020024B0146186800F043
:1051C00025B800BFD059002070B50F4E0C4631688D
:1051D000054611B900F0A2FE30602146284600F0D5
:1051E0009DFE431C03D14FF0FF34204670BDC41C0C
:1051F00024F00304A042F8D0211A284600F08EFEC5
:105200000130F2D1EFE700BF2CA400202DE9F843D4
:10521000CD1C25F0030508350C2D38BF0C25002DBD
:10522000064601DBA94204D90C2333600020BDE807
:10523000F883DFF8D48000F069F8D8F800301C4615
:1052400044BB29463046FFF7BFFF431C044658D1F4
:10525000D8F800402746002F43D1002C4BD02368BC
:105260003946304604EB030900F058FE814542D12F
:1052700021686D1A29463046FFF7A6FF01303AD063
:1052800023682B442360D8F800305A6862BBC8F802
:1052900000700FE02268521B20D40B2A17D9611925
:1052A000A342256018BF5960636808BFC8F80010A2
:1052B00062514B60304600F02FF804F10B00231DC3
:1052C00020F00700C21A1CBF1B1AA350AFE7626888
:1052D000A3420CBFC8F800205A60EBE7234664687D
:1052E000AEE73C467F68B6E71A465B68A342FBD14F
:1052F00000235360DEE70C233360304600F00CF8E7
:1053000094E70560D6E700BF30A400200148FFF70E
:105310005AB800BF28A400200148FFF755B800BFC5
:1053200028A4002070B5C66904460D4676B9102041
:10533000FFF742FF0246E06120B9184B18486B2185
:1053400000F0FCFDC0E901660660C660E669F3682E
:1053500083B1E369DB6853F82500B8B9012101FA8C
:1053600005F6721D9200204600F006FE60B1C0E90D
:1053700001560EE021220421204600F0FDFDE369E4
:10538000F060DB68002BE4D1002070BD026843F8B8
:1053900025200023C0E90333F7E700BFF37B0F00AC
:1053A000747C0F0070B5C66905460C4676B91020AE
:1053B000FFF702FF0246E86120B9094B09488F2137
:1053C00000F0BCFDC0E901660660C6603CB1EB6957
:1053D0006268DB6853F82210216043F8224070BDF8
:1053E000F37B0F00747C0F002DE9F0410D69074637
:1053F0000C461E4601F1140C0020DCF8003099B276
:1054000002FB01611E0C0B0C02FB063389B201305A
:1054100001EB034185424CF8041B4FEA1346ECDCD8
:105420000EB3A368AB4219DC616838460131FFF75F
:1054300079FF804628B902460C4B0D48BA2100F08E
:105440007DFD2269023204F10C0192000C30FFF75D
:105450000FF821463846FFF7A5FF444604EB8503C5
:1054600001355E6125612046BDE8F081637C0F0057
:10547000747C0F00B0F5803F034636BF0304002064
:105480001020B3F1807F3CBF1B020830B3F1805F76
:105490003CBF1B010430B3F1804F3CBF9B00023086
:1054A000002B05DB13F0804F00F1010008BF202026
:1054B00070470368024613F007000BD0D90721D4C8
:1054C000980749BF5B089B08012013605CBF13600D
:1054D0000220704799B209B91B0C1020D9B209B942
:1054E00008301B0A190704BF1B090430990704BFC1
:1054F0009B080230D90703D45B0800F1010003D0F8
:1055000013607047002070472020704710B50C468C
:105510000121FFF707FF024628B9054B054840F275
:10552000451100F00BFD01234461036110BD00BF74
:10553000637C0F00747C0F002DE9F04F17460A6959
:105540003B699A42A8BF3B468946A4BF0F4699468D
:105550003D69D9F810A0BB68796805EB0A06B3422B
:1055600085B0B8BF0131FFF7DDFE30B90246414BCF
:1055700041484FF4B17100F0E1FC00F1140404EB78
:10558000860E23460022734520D307F1140809F143
:10559000140108EB850501EB8A030293EB1B153B15
:1055A00023F0030304331537BD4238BF04230193AE
:1055B000029B03918B420CD8002E03DD5EF8043D64
:1055C000002B55D0066105B0BDE8F08F43F8042BE1
:1055D000D9E7B1F800A0BAF1000F1FD0C446A14628
:1055E00000275CF8042BD9F800301FFA82FB9BB22D
:1055F0000AFB0B333B44D9F80070120C3F0C0AFB3A
:10560000027202EB13429BB243EA0243654549F83A
:10561000043B4FEA1247E4D8019BE750039BB3F8E1
:1056200002900431B9F1000F20D023684746A44608
:105630004FF0000AB7F800B0BCF8022009FB0B22BB
:1056400052449BB243EA02434CF8043B57F8043BF4
:105650004FEA134ABCF8003009FB0A3303EB12434C
:10566000BD424FEA134AE5D8019AA35004349FE79C
:10567000013EA1E7637C0F00747C0F002DE9F84325
:10568000154612F0030207460E4607D0254C013A94
:10569000002354F82220FFF7A7FE0646AD103DD0A8
:1056A000FC697CB91020FFF787FD0246F86128B934
:1056B0001D4B1E4840F2B31100F040FCC0E901440C
:1056C0000460C460D7F81C80D8F808404CB940F298
:1056D00071213846FFF71AFF0023C8F80800044676
:1056E00003604FF00009EB070AD5314622463846E1
:1056F000FFF722FF314680463846FFF753FE464605
:105700006D100BD0206838B9224621463846FFF785
:1057100013FF2060C0F800900446E4E73046BDE87F
:10572000F88300BFAC820F00F37B0F00747C0F0086
:105730002DE9F0470C464968236903EB6218A3681A
:10574000074691464FEA621A08F10106B3420BDBA5
:105750003846FFF7E7FD054648B90246284B294879
:105760004FF4EF7100F0EAFB01315B00EEE700233C
:1057700000F1140100F110021846534533DB206993
:105780002AEAEA7A04F1140319F01F0901EB8A01ED
:1057900003EB800C2BD0C9F1200E8A46002218683A
:1057A00000FA09F010434AF8040B53F8042B9C4507
:1057B00022FA0EF2F3D8ACEB0403153B23F00303FB
:1057C000043304F11500604588BF0423CA500AB1B0
:1057D00008F10206013E38462E612146FFF7E2FD40
:1057E0002846BDE8F08742F8040F0133C5E70439C5
:1057F00053F8042B41F8042F9C45F9D8EAE700BF81
:10580000637C0F00747C0F000A6903460069801AEC
:1058100030B50ED11433143103EB820401EB820155
:1058200054F8045D51F8042D954203D005D24FF091
:10583000FF3030BDA342F3D3FBE70120F9E70000BE
:105840002DE9F74F89460646114648461446FFF7AC
:10585000DBFF051E12D129463046FFF763FD0246E5
:1058600028B93F4B40F237213E4800F067FB012347
:10587000C0E90435104603B0BDE8F08FBCBF4B460D
:10588000A1463046D9F80410BABF1C4601250025B0
:10589000FFF748FD024618B9314B40F24521E3E7D6
:1058A000D9F810702669C56009F1100309F11405D3
:1058B00004F1140E00F1140B05EB87080EEB8606BD
:1058C0000193D9464FF0000C019B5EF8040B53F88E
:1058D00004AF01931FFA8AF3194683B2CB1A000C66
:1058E0006344C0EB1A4000EB23409BB243EA004301
:1058F000764549F8043B4FEA204CE5D8331B153B6D
:1059000023F0030315340433A64238BF04231D4497
:105910005B441E462C4644450ED308F10301491B47
:1059200021F00301033DA84538BF00210B4453F883
:10593000041D91B117619DE754F8041BE646080C5D
:105940001CFA81FC714400EB2C4089B241EA004111
:1059500046F8041B4FEA204CDDE7013FE7E700BFB4
:10596000637C0F00747C0F002DE9F7430F46012183
:1059700059EC108B1646FFF7D5FC044630B90246A9
:10598000234B244840F20F3100F0D8FAC9F30A55EE
:10599000C9F313030DB143F480130193B8F100036D
:1059A00023D068460093FFF784FDDDE90012D0B1F3
:1059B000C0F1200302FA03F30B43C240636101927A
:1059C000019BA361002B0CBF012202222261A5B121
:1059D000A5F2334505443D60C0F1350030602046F6
:1059E00003B0BDE8F0836161EAE701A8FFF761FD5C
:1059F000019B636120300122E8E704EB8203A0F2FF
:105A0000324038601869FFF735FDC0EB4210E5E71A
:105A1000637C0F00747C0F009368013B002B10B473
:105A2000936008DA9469A34201DB0A2903D15DF887
:105A3000044B00F0DFB91368581C10601970084659
:105A40005DF8044B7047F8B506460F461446D51866
:105A5000AC4201D1002007E014F8011B3A46304661
:105A6000FFF7DAFF431CF3D1F8BD00002DE9F04F3A
:105A70000D469DB014469846064618B1036A0BB908
:105A8000FEF77CFB6B6ED90705D4AB899A0502D46F
:105A9000A86DFEF798FCAB891B0701D52B699BB954
:105AA0002946304600F0E4F970B16B6EDC0704D58E
:105AB0004FF0FF301DB0BDE8F08FAB899805F7D4EB
:105AC000A86DFEF781FCF3E70023099320238DF8EE
:105AD0002930CDF80C803023DFF8AC818DF82A30E6
:105AE0004FF0010923469A4613F8012B0AB1252AE3
:105AF000F9D1BAEB040B0BD05B462246294630465F
:105B0000FFF7A1FF013000F0A780099A5A440992DB
:105B10009AF80030002B00F09F8000234FF0FF32F6
:105B2000CDE905230AF1010A049307938DF8533058
:105B30001A935446052214F8011B5348FEF748FCFB
:105B4000049AD8B9D10644BF20238DF853301307E7
:105B500044BF2B238DF853309AF800302A2B15D0F0
:105B6000079A544600204FF00A0C214611F8013BD9
:105B7000303B092B4BD9B0B1079214E0A0EB0803DE
:105B800009FA03F313430493A246D2E7039B191DBA
:105B90001B680391002BBBBF5B4242F002020793DC
:105BA0000793B8BF049223782E2B0AD163782A2B4F
:105BB00032D1039B1A1D1B68039243EAE37302343C
:105BC0000593DFF8D4A0217803225046FEF700FCAD
:105BD00038B1049BA0EB0A004022824013430134F9
:105BE000049314F8011B29488DF828100622FEF7AB
:105BF000EFFB00283FD0264B1BBB039B073323F052
:105C0000070308330393099B3B4409936AE70CFBA2
:105C100002320C460120A8E70023013405931946FF
:105C20004FF00A0C204610F8012B303A092A03D90C
:105C3000002BC6D00591C4E70CFB012104460123CB
:105C4000F0E703AB00932A46124B04A93046FDF758
:105C500053FE0746781CD6D16B6ED90705D4AB89A5
:105C60009A0502D4A86DFEF7AFFBAB895B063FF542
:105C70001FAF09981EE703AB00932A46054B04A902
:105C80003046FEF7D1F8E4E7CE7C0F00D87C0F0059
:105C9000F9380F00475A0F00D47C0F00B1F90C20DF
:105CA0002DE9F041160705460C4654D44B68002BED
:105CB00002DC0B6C002B48DDE66A002E45D0002389
:105CC00012F480522F68216A2B6030D0626DA38954
:105CD000590705D56368D21A636B0BB1236CD21ACE
:105CE0000023E66A216A2846B047431CA38906D1EF
:105CF00029681D292BD82A4ACA40D60727D5002251
:105D00006260D9042269226004D5421C01D12B684B
:105D100003B96065616B2F60B9B104F14403994226
:105D200002D02846FFF7FEF9002363630DE001234C
:105D30002846B0470246501CC9D12B68002BC6D05C
:105D40001D2B01D0162B1ED12F60002022E043F026
:105D500040031BB21BE00F69002FF6D093070E68BB
:105D600008BF4B690F6018BF0023A6EB07088B60C4
:105D7000B8F1000FE9DD216AA66A43463A46284693
:105D8000B047002808DCB4F90C3043F04003A3818D
:105D90004FF0FF30BDE8F0810744A8EB0008E7E7CB
:105DA0000100402038B50B6905460C4613B90025A3
:105DB000284638BD18B1036A0BB9FEF7DFF9B4F90C
:105DC0000C30002BF3D0626ED00704D4990502D4B6
:105DD000A06DFEF7F8FA28462146FFF75FFF636ED5
:105DE000DA070546E4D4A3899B05E1D4A06DFEF74C
:105DF000EBFADDE7F8B50E461446054618B1036A1E
:105E00000BB9FEF7BBF9A369A360A3891A0701D5F3
:105E1000236943B92146284600F02AF818B14FF00B
:105E2000FF373846F8BD23682269981A6369F6B2CD
:105E30008342374605DC21462846FFF7B3FF00289A
:105E4000EDD1A368013BA36023685A1C22601E7039
:105E50006269431C9A4204D0A389DB07E1D50A2E6C
:105E6000DFD121462846FFF79DFF0028D9D0D6E78D
:105E700038B5294B054618680C4618B1036A0BB9AA
:105E8000FEF77CF9B4F90C30190722D4DA0607D4EE
:105E900009222A6043F04003A3814FF0FF3033E032
:105EA000580712D5616B41B104F14403994202D005
:105EB0002846FFF737F900236363A38923F02403FF
:105EC000A3810023636023692360A38943F008034F
:105ED000A38123694BB9A38903F42073B3F5007F31
:105EE00003D02146284600F0A0F8B4F90C3013F096
:105EF00001020AD00022A26062695242A2612269B4
:105F000042B913F08000C5D138BD990758BF626906
:105F1000A260F4E70020F7E7D059002038B5064D1D
:105F20000023044608462B6000F05AF9431C02D1B6
:105F30002B6803B1236038BD24A400201FB514468C
:105F40001A46094B1B680546D8684CB1074B0091AF
:105F5000CDE9013406492B46FEF728F900F0C4F8D4
:105F6000044B1C46F3E700BFD0590020E77C0F002C
:105F7000F47C0F0061760F0070B5A1FB025434B9B8
:105F80002946FFF743F9064628B9304670BD0C2272
:105F900002600026F9E72A462146FEF79CF9F4E75D
:105FA00082B001B901A942B14BB113780B601278EC
:105FB000101E18BF012002B070471046FBE76FF0BB
:105FC0000100F8E70346084641B1FF2A04D98A22B6
:105FD0001A604FF0FF3070470A700120704770B5AB
:105FE0000C46B1F90E10002996B015461E460DDA82
:105FF000A38913F0800F4FF0000114BF40234FF42A
:106000008063002031602B6016B070BD6A4600F0DE
:1060100049F80028ECDB019901F47041A1F5005327
:10602000594259414FF48063EBE78B89F7B59D07DF
:1060300006460C4607D504F147032360236101237C
:10604000636103B0F0BD01AB6A46FFF7C8FF009F74
:10605000054639463046FFF7D9F848B9B4F90C304F
:106060009A05EED423F0030343F00203A381E2E791
:10607000A389206043F08003A381019BC4E9040746
:106080005BB1B4F90E10304600F01EF828B1A389B8
:1060900023F0030343F00103A381A3891D43A581DA
:1060A000CFE7000038B5074D0023044608461146E7
:1060B0002B6000F06DF8431C02D12B6803B1236004
:1060C00038BD00BF24A4002038B5064D0023044687
:1060D00008462B6000F06CF8431C02D12B6803B11A
:1060E000236038BD24A4002008B5062000F02CF859
:1060F000012000F083F81F2938B505460C4604D965
:10610000162303604FF0FF3038BDC26B12B152F856
:1061100021304BB9284600F031F822460146284686
:10612000BDE8384000F018B8012B0AD0591C03D143
:10613000162303600120E7E7002142F824102046DF
:1061400098470020E0E70000024B01461868FFF77F
:10615000D2BF00BFD059002038B5074D00230446F8
:10616000084611462B6000F02BF8431C02D12B6827
:1061700003B1236038BD00BF24A4002000F010B894
:10618000024B58221A604FF0FF30704724A40020C1
:10619000024B58221A604FF0FF30704724A40020B1
:1061A000024B58221A604FF0FF30704724A40020A1
:1061B000024B58221A600020704700BF24A4002020
:1061C000024B58221A604FF0FF30704724A4002081
:1061D000024B58221A604FF0FF30704724A4002071
:1061E000044A05491368002B08BF0B461844106089
:1061F0001846704734A4002038A40020FEE700BFF2
:1062000081F0004102E000BF83F0004330B54FEA67
:1062100041044FEA430594EA050F08BF90EA020FD4
:106220001FBF54EA000C55EA020C7FEA645C7FEA67
:10623000655C00F0E2804FEA5454D4EB5555B8BF8A
:106240006D420CDD2C4480EA020281EA030382EAFB
:10625000000083EA010180EA020281EA0303362D8D
:1062600088BF30BD11F0004F4FEA01314FF4801C60
:106270004CEA113102D0404261EB410113F0004F72
:106280004FEA03334CEA133302D0524263EB430329
:1062900094EA050F00F0A780A4F10104D5F1200EC7
:1062A0000DDB02FA0EFC22FA05F2801841F1000122
:1062B00003FA0EF2801843FA05F359410EE0A5F1F6
:1062C00020050EF1200E012A03FA0EFC28BF4CF027
:1062D000020C43FA05F3C01851EBE37101F00045DD
:1062E00007D54FF0000EDCF1000C7EEB00006EEBEA
:1062F0000101B1F5801F1BD3B1F5001F0CD3490874
:106300005FEA30004FEA3C0C04F101044FEA4452CA
:1063100012F5800F80F09A80BCF1004F08BF5FEA51
:10632000500C50F1000041EB045141EA050130BD31
:106330005FEA4C0C404141EB0101013C28BFB1F543
:10634000801FE9D291F0000F04BF01460020B1FA8E
:1063500081F308BF2033A3F10B03B3F120020CDA61
:106360000C3208DD02F1140CC2F10C0201FA0CF03F
:1063700021FA02F10CE002F11402D8BFC2F1200CA4
:1063800001FA02F120FA0CFCDCBF41EA0C0190405A
:10639000E41AA2BF01EB0451294330BD6FEA0404A3
:1063A0001F3C1CDA0C340EDC04F11404C4F120028E
:1063B00020FA04F001FA02F340EA030021FA04F3A0
:1063C00045EA030130BDC4F10C04C4F1200220FAF7
:1063D00002F001FA04F340EA0300294630BD21FA35
:1063E00004F0294630BD94F0000F83F4801306BFFB
:1063F00081F480110134013D4EE77FEA645C18BFEF
:106400007FEA655C29D094EA050F08BF90EA020F85
:1064100005D054EA000C04BF1946104630BD91EA7D
:10642000030F1EBF0021002030BD5FEA545C05D180
:106430004000494128BF41F0004130BD14F58004BF
:106440003CBF01F5801130BD01F0004545F0FE4133
:1064500041F470014FF0000030BD7FEA645C1ABF68
:10646000194610467FEA655C1CBF0B46024650EA9F
:10647000013406BF52EA033591EA030F41F40021CB
:1064800030BD00BF90F0000F04BF0021704730B551
:106490004FF4806404F132044FF000054FF0000126
:1064A00050E700BF90F0000F04BF0021704730B5E7
:1064B0004FF4806404F1320410F0004548BF4042BC
:1064C0004FF000013EE700BF42004FEAE2014FEA11
:1064D00031014FEA02701FBF12F07F4393F07F4FEC
:1064E00081F06051704732F07F4208BF704793F0EF
:1064F0007F4F04BF41F40021704730B54FF4607402
:1065000001F0004521F000411CE700BF50EA010204
:1065100008BF704730B54FF000050AE050EA0102AD
:1065200008BF704730B511F0004502D5404261EB1D
:1065300041014FF4806404F132045FEA915C3FF45E
:10654000D8AE4FF003025FEADC0C18BF03325FEAFB
:10655000DC0C18BF033202EBDC02C2F1200300FAAC
:1065600003FC20FA02F001FA03FE40EA0E0021FAD1
:1065700002F11444BDE600BF70B54FF0FF0C4CF4BF
:10658000E06C1CEA11541DBF1CEA135594EA0C0F71
:1065900095EA0C0F00F0DEF82C4481EA030621EAAC
:1065A0004C5123EA4C5350EA013518BF52EA0335E7
:1065B00041F4801143F4801338D0A0FB02CE4FF099
:1065C0000005E1FB02E506F00042E0FB03E54FF0C9
:1065D0000006E1FB03569CF0000F18BF4EF0010EC1
:1065E000A4F1FF04B6F5007F64F5407404D25FEABD
:1065F0004E0E6D4146EB060642EAC62141EA555170
:106600004FEAC52040EA5E504FEACE2EB4F1FD0CB1
:1066100088BFBCF5E06F1ED8BEF1004F08BF5FEA2F
:10662000500E50F1000041EB045170BD06F00046E1
:1066300046EA010140EA020081EA0301B4EB5C048E
:10664000C2BFD4EB0C0541EA045170BD41F4801186
:106650004FF0000E013C00F3AB8014F1360FDEBFAB
:10666000002001F0004170BDC4F10004203C35DA87
:106670000C341BDC04F11404C4F1200500FA05F30A
:1066800020FA04F001FA05F240EA020001F00042AB
:1066900021F0004110EBD37021FA04F642EB060121
:1066A0005EEA430E08BF20EAD37070BDC4F10C044B
:1066B000C4F1200500FA04F320FA05F001FA04F20F
:1066C00040EA020001F0004110EBD37041F10001FB
:1066D0005EEA430E08BF20EAD37070BDC4F1200506
:1066E00000FA05F24EEA020E20FA04F301FA05F26E
:1066F00043EA020321FA04F001F0004121FA04F216
:1067000020EA020000EBD3705EEA430E08BF20EAE5
:10671000D37070BD94F0000F0FD101F0004640001F
:1067200041EB010111F4801F08BF013CF7D041EAA1
:10673000060195F0000F18BF704703F000465200A5
:1067400043EB030313F4801F08BF013DF7D043EA76
:106750000603704794EA0C0F0CEA135518BF95EA2C
:106760000C0F0CD050EA410618BF52EA4306D1D1B3
:1067700081EA030101F000414FF0000070BD50EAD2
:10678000410606BF1046194652EA430619D094EA5C
:106790000C0F02D150EA013613D195EA0C0F05D146
:1067A00052EA03361CBF104619460AD181EA03019A
:1067B00001F0004141F0FE4141F470014FF0000052
:1067C00070BD41F0FE4141F4780170BD70B54FF0ED
:1067D000FF0C4CF4E06C1CEA11541DBF1CEA13556D
:1067E00094EA0C0F95EA0C0F00F0A7F8A4EB05044F
:1067F00081EA030E52EA03354FEA013100F0888046
:106800004FEA03334FF0805545EA131343EA12630E
:106810004FEA022245EA111545EA10654FEA0026C3
:106820000EF000419D4208BF964244F1FD0404F57C
:10683000407402D25B084FEA3202B61A65EB0305D8
:106840005B084FEA32024FF480104FF4002CB6EB95
:10685000020E75EB030E22BFB61A754640EA0C0015
:106860005B084FEA3202B6EB020E75EB030E22BF55
:10687000B61A754640EA5C005B084FEA3202B6EB96
:10688000020E75EB030E22BFB61A754640EA9C0055
:106890005B084FEA3202B6EB020E75EB030E22BF25
:1068A000B61A754640EADC0055EA060E18D04FEAE3
:1068B000051545EA16754FEA06164FEAC30343EA83
:1068C00052734FEAC2025FEA1C1CC0D111F4801F50
:1068D0000BD141EA00014FF000004FF0004CB6E749
:1068E00011F4801F04BF01430020B4F1FD0C88BFE8
:1068F000BCF5E06F3FF6AFAEB5EB030C04BFB6EBF3
:10690000020C5FEA500C50F1000041EB045170BDE5
:106910000EF0004E4EEA113114EB5C04C2BFD4EB12
:106920000C0541EA045170BD41F480114FF0000E96
:10693000013C90E645EA060E8DE60CEA135594EA12
:106940000C0F08BF95EA0C0F3FF43BAF94EA0C0F15
:106950000AD150EA01347FF434AF95EA0C0F7FF48A
:1069600025AF104619462CE795EA0C0F06D152EADE
:1069700003353FF4FDAE1046194622E750EA4106C2
:1069800018BF52EA43067FF4C5AE50EA41047FF4D3
:106990000DAF52EA43057FF4EBAE12E74FF0FF3C38
:1069A00006E000BF4FF0010C02E000BF4FF0010C09
:1069B0004DF804CD4FEA410C7FEA6C5C4FEA430C82
:1069C00018BF7FEA6C5C1BD001B050EA410C0CBFD1
:1069D00052EA430C91EA030F02BF90EA020F002033
:1069E000704710F1000F91EA030F58BF994208BF9A
:1069F00090422CBFD8176FEAE37040F00100704757
:106A00004FEA410C7FEA6C5C02D150EA013C07D1AD
:106A10004FEA430C7FEA6C5CD6D152EA033CD3D0F8
:106A20005DF8040B704700BF8446104662468C46F2
:106A30001946634600E000BF01B5FFF7B7FF002825
:106A400048BF10F1000F01BD4DF808EDFFF7F4FF4E
:106A50000CBF012000205DF808FB00BF4DF808EDD9
:106A6000FFF7EAFF34BF012000205DF808FB00BFFC
:106A70004DF808EDFFF7E0FF94BF012000205DF81E
:106A800008FB00BF4DF808EDFFF7CEFF94BF0120D3
:106A900000205DF808FB00BF4DF808EDFFF7C4FFCC
:106AA00034BF012000205DF808FB00BF4FEA410C15
:106AB0007FEA6C5C02D150EA013C0AD14FEA430CF8
:106AC0007FEA6C5C02D152EA033C02D14FF0000035
:106AD00070474FF0010070474FEA410212F5001273
:106AE00015D211D56FF47873B3EB625212D94FEA15
:106AF000C12343F0004343EA505311F0004F23FAFF
:106B000002F018BF404270474FF00000704750EA53
:106B1000013005D111F0004008BF6FF00040704710
:106B20004FF00000704700BF53B94AB9002908BFB1
:106B300000281CBF4FF0FF314FF0FF3000F06AB962
:106B4000ADF1080C6DE904CE00F006F8DDF804E0C4
:106B5000DDE9022304B070472DE9F047089D0E4699
:106B600004460F46002B4AD194468C45B2FA82F275
:106B700060D942B1C2F12003974020FA03F30CFA26
:106B800002FC1F4394404FEA1C4E1FFA8CF6B7FBE1
:106B9000FEF1230C0EFB117743EA074301FB06F0DD
:106BA00098420AD91CEB030301F1FF3780F01581ED
:106BB000984240F21281023963441B1AA4B2B3FB1B
:106BC000FEF00EFB103344EA034400FB06F6A64237
:106BD0000AD91CEB040400F1FF3380F00081A642C7
:106BE00040F2FD806444023840EA0140A41B0021C9
:106BF0001DB1D4400023C5E90043BDE8F0878B42B6
:106C000005D90DB1C5E9000100210846F5E7B3FA41
:106C100083F1002946D1B34202D3824200F2F580CB
:106C2000841A66EB030201201746002DE5D0C5E962
:106C30000047E2E7002A40F09380A1EB0C034FEA03
:106C40001C471FFA8CFE0121B3FBF7F607FB163039
:106C5000230C43EA00430EFB06F0984208D91CEBD4
:106C6000030306F1FF3802D2984200F2D080464674
:106C70001B1AA4B2B3FBF7F007FB103344EA03443A
:106C80000EFB00FEA64508D91CEB040400F1FF33FF
:106C900002D2A64500F2B6801846A4EB0E0440EAE4
:106CA0000640A5E7C1F120078B4022FA07FC4CEA19
:106CB000030C06FA01FE20FA07F426FA07F344EA69
:106CC0000E0400FA01F84FEA1C404FEA1449B3FBE6
:106CD000F0FE1FFA8CF600FB1E3349EA03430EFB5D
:106CE00006F9994502FA01F20BD91CEB03030EF1E8
:106CF000FF3A80F08580994540F28280AEF1020E25
:106D00006344A3EB0909A4B2B9FBF0F300FB1399A8
:106D100044EA094403FB06F6A64208D91CEB040426
:106D200003F1FF3068D2A64266D9023B644443EACD
:106D30000E40A41BA0FB02E6B4427346B14652D3F8
:106D40004FD05DB1B8EB030264EB090404FA07F716
:106D500022FA01F31F43CC40C5E9007400214CE73F
:106D6000C2F1200120FA01F30CFA02FC26FA01F12B
:106D7000964033434FEA1C471FFA8CFEB1FBF7F0F5
:106D800007FB1016190C41EA064100FB0EF68E4275
:106D900004FA02F408D91CEB010100F1FF382DD2EE
:106DA0008E422BD902386144891B9BB2B1FBF7F6A6
:106DB00007FB161143EA014306FB0EF1994208D97D
:106DC0001CEB030306F1FF3814D2994212D9023E9C
:106DD00063445B1A46EA004136E73946EDE6184659
:106DE00002E7F045ADD2BEEB020366EB0C060138BC
:106DF000B146A6E74646ECE7034698E74046D3E7A8
:106E0000D6467EE76444023847E708460DE7023E6F
:106E100063442DE7704700BFF8B500BFF8BC08BC5D
:106E20009E467047F8B500BFF8BC08BC9E46704748
:106E30002E2E2F2E2E2F2E2E2F6E72665F73646BCA
:106E40005F31375F312F636F6D706F6E656E747376
:106E50002F6C69627261726965732F7574696C2F2A
:106E60006170705F7574696C5F706C6174666F726D
:106E70006D2E63002E2E2F2E2E2F2E2E2F6E72662D
:106E80005F73646B5F31375F312F636F6D706F6E4F
:106E9000656E74732F6C69627261726965732F62BB
:106EA000616C6C6F632F6E72665F62616C6C6F6396
:106EB0002E63002E2E2F2E2E2F2E2E2F6E72665FFB
:106EC00073646B5F31375F312F636F6D706F6E6509
:106ED0006E74732F6C69627261726965732F667369
:106EE000746F726167652F6E72665F6673746F721E
:106EF0006167652E63002E2E2F2E2E2F2E2E2F6EC5
:106F000072665F73646B5F31375F312F636F6D70D3
:106F10006F6E656E74732F6C6962726172696573EE
:106F20002F6578706572696D656E74616C5F7365ED
:106F30006374696F6E5F766172732F6E72665F73D2
:106F4000656374696F6E5F697465722E63002E2EBF
:106F50002F2E2E2F2E2E2F6E72665F73646B5F3175
:106F6000375F312F636F6D706F6E656E74732F6C4A
:106F700069627261726965732F6D757465782F6EC1
:106F800072665F6D74782E68002E2E2F2E2E2F2E97
:106F90002E2F6E72665F73646B5F31375F312F63C4
:106FA0006F6D706F6E656E74732F6C696272617253
:106FB0006965732F63727970746F2F6E72665F6389
:106FC000727970746F5F65636473612E63002E2E37
:106FD0002F2E2E2F2E2E2F6E72665F73646B5F31F5
:106FE000375F312F636F6D706F6E656E74732F6CCA
:106FF00069627261726965732F63727970746F2F41
:107000006E72665F63727970746F5F7368617265C8
:10701000642E63002E2E2F2E2E2F2E2E2F6E726694
:107020005F73646B5F31375F312F6D6F64756C65B3
:10703000732F6E7266782F68616C2F6E72665F6751
:1070400070696F2E68001B5B313B33316D5B4552BD
:10705000525D005B25733A25645D3A20002E2E2F89
:107060002E2E2F2F626F6F746C6F616465722F7399
:107070006F757263652F6D61696E2E63005B25739A
:10708000202D2025733A25645D3A200025733A258A
:1070900064001B5B306D0A0D00526563656976659F
:1070A000642061206661756C74212069643A203027
:1070B00078253038782C2070633A203078253038A5
:1070C000782C20696E666F3A203078253038780049
:1070D000526563656976656420616E206572726FC2
:1070E000723A2030782530387821001B5B313B33F1
:1070F000346D5B57524E5D00492F4F20766F6C7494
:10710000616765206E6F74207365742061732072EF
:10711000657175697265642E2053657474696E6754
:1071200020616E642072657374617274696E672E7B
:107130002E2E005B494E465D00492F4F20766F6C26
:10714000746167652070726576696F75736C7920FC
:10715000636F6E6669677572656400303000426FF8
:107160006F746C6F61646572207625732E25732EA3
:107170002573003038002E2E2F2E2E2F2F626F6F8A
:10718000746C6F616465722F736F757263652F75B0
:107190006172745F68656C7065722E630055415250
:1071A0005420434F4D4D554E49434154494F4E2075
:1071B0004552524F520055415254204649464F20A5
:1071C0004552524F52002E2E2F2E2E2F2E2E2F6E26
:1071D00072665F73646B5F31375F312F636F6D7001
:1071E0006F6E656E74732F6C69627261726965731C
:1071F0002F626F6F746C6F616465722F6E72665F61
:10720000626F6F746C6F616465722E630052657398
:10721000657474696E6720626F6F746C6F6164650A
:10722000722100444655204F626A6563742052659E
:10723000636569766564004446552041626F7274E7
:10724000656400496E616374697669747920746954
:107250006D656F75742E00436865636B696E67209A
:107260005153504920666F722070656E64696E6775
:10727000207570646174652E2E2E00515350492084
:1072800072656164206661696C6564207769746801
:10729000206572726F7220636F64652025640053ED
:1072A000697A653A203078257820207C2020436850
:1072B00065636B73756D3A203078257820207C20CB
:1072C00020466C61673A203078257820207C202089
:1072D00056657273696F6E3A203078257800496D73
:1072E00061676520636F70792066726F6D205153FE
:1072F0005049204661696C656421204572723A20CC
:10730000256400496D61676520636F70792066723E
:107310006F6D2051535049205375636365737366D5
:10732000756C212057726974696E672061707020D6
:1073300061732076616C69642E2E2E004661696C43
:10734000656420746F2077726974652051535049C9
:107350002064657363726970746F72207461626C0B
:107360006521005772697465207375636365737373
:1073700066756C212052657374617274696E672E34
:107380002E2E004E6F205153504920757064617449
:107390006520666F756E6421005265626F6F7420A0
:1073A00072656769737465723A2025780052656268
:1073B0006F6F742063617573656420627920574430
:1073C000542120456E746572696E672025322E3116
:1073D000667320424C45204446552E2E2E00536B9A
:1073E000697070696E6720424C45204446552E2EC8
:1073F0002E00444655206D6F64652062656361759B
:10740000736520617070206973206E6F74207661DF
:107410006C69642E0053657474696E6773206572BD
:10742000617365206661696C65642100466C6173F7
:10743000682053657474696E6773204261636B756D
:10744000700045786974696E6720626F6F746C6F45
:107450006164657220616E64207374617274696E18
:1074600067206170706C69636174696F6E21002EB2
:107470002E2F2E2E2F2E2E2F6E72665F73646B5F53
:1074800031375F312F636F6D706F6E656E74732F60
:107490006C69627261726965732F626F6F746C6F71
:1074A000616465722F6E72665F626F6F746C6F617C
:1074B0006465725F6170705F73746172745F666936
:1074C0006E616C2E63002E2E2F2E2E2F2E2E2F6EE1
:1074D00072665F73646B5F31375F312F636F6D70FE
:1074E0006F6E656E74732F6C696272617269657319
:1074F0002F626F6F746C6F616465722F6E72665F5E
:10750000626F6F746C6F616465725F6466755F74DF
:10751000696D6572732E63002E2E2F2E2E2F2E2E48
:107520002F6E72665F73646B5F31375F312F636FED
:107530006D706F6E656E74732F6C696272617269C3
:1075400065732F626F6F746C6F616465722F6E72FA
:10755000665F626F6F746C6F616465725F66775FA0
:1075600061637469766174696F6E2E63004E6F207B
:10757000636F7079206E656564656400436F707930
:10758000696E67203078257820746F2030782578F0
:107590002C2073697A653A20307825780046616935
:1075A0006C656420746F20777269746520696D6101
:1075B000676520636F7079696E672070726F67729C
:1075C00065737320746F2073657474696E677320BC
:1075D000706167652E00436F7079696E6720696D11
:1075E0006167652066726F6D20515350492E2E2EB3
:1075F00000496D6167652073697A653A2025642CBE
:107600002044657374696E6174696F6E2073746170
:1076100072742061646472657373203078253878E1
:107620000052657472696576696E6720323536205E
:1076300062797465732066726F6D2061646472652F
:1076400073732030782578005153504920524541BA
:1076500044204552523A2025640030782538780D70
:107660000A00464C4153482053544F52452045523E
:10767000523A20256400456E746572206E72665F12
:107680006466755F6170705F636F6E74696E756557
:10769000004661696C656420746F20636F707920A7
:1076A0006669726D776172652E0053657474696ED8
:1076B00067206170702061732076616C696400439B
:1076C000524320636F6D7075746174696F6E2066CC
:1076D00061696C656420666F7220636F70696564B0
:1076E000206170703A20737263206372633A2030B5
:1076F00078253038782C20726573206372633A20C5
:10770000307825303878002E2E2F2E2E2F2E2E2F2B
:107710006E72665F73646B5F31375F312F636F6DBD
:10772000706F6E656E74732F6C69627261726965D9
:10773000732F626F6F746C6F616465722F626C651A
:107740005F6466752F6E72665F6466755F626C65F6
:107750002E630044667554617267002E2E2F2E2E04
:107760002F2E2E2F6E72665F73646B5F31375F3121
:107770002F636F6D706F6E656E74732F6C696272BC
:1077800061726965732F626F6F746C6F616465728B
:107790002F6466752F6E72665F6466755F666C61D6
:1077A00073682E63006E72665F6673746F726167D2
:1077B000655F777269746528616464723D25702C19
:1077C000207372633D25702C206C656E3D2564200E
:1077D0006279746573292C207175657565207573E0
:1077E0006167653A202564002E2E2F2E2E2F2E2E17
:1077F0002F6E72665F73646B5F31375F312F636F1B
:107800006D706F6E656E74732F6C696272617269F0
:1078100065732F626F6F746C6F616465722F64663D
:10782000752F6E72665F6466755F7265715F686101
:107830006E646C65722E63002E2E2F2E2E2F2E2E30
:107840002F6E72665F73646B5F31375F312F636FCA
:107850006D706F6E656E74732F6C696272617269A0
:1078600065732F626F6F746C6F616465722F6466ED
:10787000752F6E72665F6466755F73657474696E8A
:1078800067732E63002E2E2F2E2E2F2E2E2F6E720C
:10789000665F73646B5F31375F312F636F6D706F3D
:1078A0006E656E74732F6C69627261726965732F95
:1078B000626F6F746C6F616465722F6466752F6E92
:1078C00072665F6466755F7574696C732E63002EF3
:1078D0002E2F2E2E2F2E2E2F6E72665F73646B5FEF
:1078E00031375F312F636F6D706F6E656E74732FFC
:1078F0006C69627261726965732F626F6F746C6F0D
:10790000616465722F6466752F6E72665F6466755A
:107910005F76616C69646174696F6E2E63002E2EF0
:107920002F2E2E2F2E2E2F6E72665F73646B5F319B
:10793000375F312F636F6D706F6E656E74732F6C70
:1079400069627261726965732F626F6F746C6F61C7
:107950006465722F6466752F6E72665F6466755F0C
:107960007665725F76616C69646174696F6E2E63AF
:10797000002E2E2F2E2E2F2E2E2F6E72665F7364EA
:107980006B5F31375F312F6D6F64756C65732F6E70
:107990007266782F647269766572732F7372632FC3
:1079A0006E7266785F75617274652E63002E2E2F7D
:1079B0002E2E2F2E2E2F6E72665F73646B5F313703
:1079C0005F312F696E746567726174696F6E2F6EB7
:1079D0007266782F6E7266785F676C75652E6800C8
:1079E0002E2E2F2E2E2F2E2E2F6E72665F73646B0F
:1079F0005F31375F312F636F6D706F6E656E7473BB
:107A00002F6C69627261726965732F756172742F70
:107A10006170705F756172745F6669666F2E630076
:107A20002E2E2F2E2E2F2E2E2F6E72665F73646BCE
:107A30005F31375F312F6D6F64756C65732F6E72B8
:107A400066782F647269766572732F7372632F6E16
:107A50007266785F717370692E63002E2E2F2E2E42
:107A60002F2F7574696C69746965732F71737069F0
:107A70002D68656C7065722F717370695F68656CD5
:107A80007065722E6300496E697469616C697A6908
:107A90006E6720515350492E2E0051535049206992
:107AA0006E6974206661696C757265212045727219
:107AB000202564005153504920696E697420636F1A
:107AC0006D706C6574650053657474696E672051E0
:107AD00053504920726573657420656E61626C65F0
:107AE0002E2E2E0051535049207265736574206507
:107AF0006E61626C65206661696C757265212045F6
:107B000072723A2025640053656E64696E67205175
:107B100053504920726573657420636F6D6D616E9B
:107B2000642E2E2E005153504920726573657420C7
:107B30006661696C75726521204572723A20256410
:107B400000537769746368696E6720746F205153BE
:107B50005049206D6F64652E2E2E005153504920E0
:107B60006D6F646520736574206661696C757265FC
:107B700021204572723A20256400436F6E66696762
:107B80007572696E672051535049206D656D6F7233
:107B9000792E2E2E0051535049206D656D6F7279EC
:107BA00020636F6E66696775726520636F6D706CB8
:107BB00065746500494E4600696E66004E414E0090
:107BC0006E616E00303132333435363738394142E8
:107BD0004344454600303132333435363738396125
:107BE000626364656600496E66696E697479004E09
:107BF000614E005245454E54206D616C6C6F6320A0
:107C0000737563636565646564002F646174612FD7
:107C10006A656E6B696E732F776F726B73706163D9
:107C2000652F474E552D746F6F6C636861696E2FB9
:107C300061726D2D31332F7372632F6E65776C69AE
:107C4000622D63796777696E2F6E65776C69622F35
:107C50006C6962632F7374646C69622F64746F6102
:107C60002E630042616C6C6F63207375636365659E
:107C7000646564002F646174612F6A656E6B696E60
:107C8000732F776F726B73706163652F474E552D3D
:107C9000746F6F6C636861696E2F61726D2D313323
:107CA0002F7372632F6E65776C69622D63796777C6
:107CB000696E2F6E65776C69622F6C6962632F73D2
:107CC00074646C69622F6D707265632E6300232D7E
:107CD000302B2000686C4C006566674546470043C2
:107CE00000504F534958002C2066756E6374696FBD
:107CF0006E3A2000617373657274696F6E2022257D
:107D00007322206661696C65643A2066696C65203F
:107D1000222573222C206C696E652025642573252D
:107D2000730A000025BA0E0049BA0E0059BA0E00B7
:107D300069BA0E00BDBA0E0031BA0E0035BA0E0097
:107D400039BA0E000010000004000000010000001D
:107D5000D5BB0E00B5BB0E00A5BB0E00E1BD0E00ED
:107D600095BD0E0077BB0E007BBB0E0081BB0E00E5
:107D700000100000040000000100000048000000A6
:107D800000204000000000008DC10E0015C20E0052
:107D9000C1C10E0020000000000000000000000033
:107DA00070850F0080850F000800000068850F00B7
:107DB00070850F000800000060850F0068850F00C7
:107DC000080000000100000758850F0060850F00C3
:107DD0000800000080850F0088850F000800000063
:107DE00036B6D61B8BC95D63DB3A1017AD274E65DF
:107DF000D824E45D6209B27C25FBC64BFA213C9590
:107E000082390275BCD9AC5253B5BFECC4A7A6AE3B
:107E10004A7269D1182576ACA6F7DE8356E17FE574
:107E20006D61696E000000000000000000000000AD
:107E30000338FDD8704765705F6273705F696E6963
:107E400074006170705F6572726F725F68616E64FA
:107E50006C65725F62617265006170705F657272FD
:107E60006F725F6661756C745F68616E646C657279
:107E700000756172745F6572726F725F68616E64C3
:107E80006C650000100000000D000000FFFFFFFF08
:107E9000FFFFFFFF0000000000E0D701000000002E
:107EA0000338FDD87047626F6F746C6F61646572E0
:107EB0005F726573657400696E6163746976697475
:107EC000795F74696D656F75745F63620064667570
:107ED0005F6F62736572766572006E72665F626F65
:107EE0006F746C6F616465725F696E697400000025
:107EF0000338FDD87047696D6167655F636F70799E
:107F0000006170705F616374697661746500000080
:107F10000338FDD87047696D6167655F636F70797D
:107F20005F66726F6D5F717370690000CFEE0E0057
:107F300073EE0E00C3F30E0035F40E0055F40E0080
:107F4000BFED0E007DED0E005FF30E00000000009F
:107F5000010017000400FCFF68010000C07F0F0053
:107F6000020017000400FCFFAC010000807F0F003E
:107F70000000000000000000000000000000000001
:107F8000010007000000000068010000C07F0F0032
:107F900002000100000000000100000000000000DD
:107FA0000300050001000000420000000000000086
:107FB00000000000000000000000000000000000C1
:107FC000010011000100FFFF01000000000000009F
:107FD000020017000200FEFF64010000F07F0F00A6
:107FE0000000000000000000000000000000000091
:107FF000010011000400FCFF04000000000000006C
:10800000020011000400FCFF04000000000000005A
:10801000030021000400FCFF040010000000000029
:10802000040011000100FFFF01000000000000003B
:10803000050011000200FEFF040000000000000027
:10804000060011000400FCFF040000000000000016
:10805000070011000400FCFF040000000000000005
:10806000080017000200FEFF24000000D0800F006F
:10807000090010000100FFFF0100000000810F0057
:108080000A0027000200FEFF44000300A0800F004A
:1080900000000000000000000000000000000000E0
:1080A00001000100000000000100000000000000CD
:1080B0000200050001000000420000000000000076
:1080C00000000000000000000000000000000000B0
:1080D000010001000000000001000000000000009D
:1080E0000200050001000000220000000000000066
:1080F0000000000000000000000000000000000080
:10810000000000000000000000000000000000006F
:108110000338FDD870470C000C000000580250EAEC
:10812000DA308883B89F604F15F30000C98E0000D5
:108130000338FDD870476E72665F6466755F666C63
:108140006173685F73746F7265000000FFFFFFFF6B
:10815000FFFFFFFFFFFFFFFFFFFFFFFF000000002B
:10816000000000000000D601060000000000000032
:108170000338FDD87047636F6E6669677572655F17
:108180006D656D6F727900717370695F696E697486
:1081900000000000000000001E29231F0605030246
:1081A000000001000001060066010101010100005C
:1081B000FFFFFFFFFFFFFFFFFFFFFFFF00000000CB
:1081C000000000000000000001000000FFFFFFFFB2
:1081D000FCFFFFFFFFFFFFFFFFFFFFFF00000000AE
:1081E000000000000000000001000000FFFFFFFF92
:1081F000512563FCC2CAB9F3849E17A7ADFAE6BC49
:10820000FFFFFFFFFFFFFFFF00000000FFFFFFFF7A
:108210000000000096C298D84539A1F4A033EB2D98
:10822000817D0377F240A463E5E6BCF847422CE188
:10823000F2D1176BF551BF376840B6CBCE5E316BCC
:108240005733CE2B169E0F7C4AEBE78E9B7F1AFE90
:10825000E242E34FFFFFFFFF7F00000080000000CD
:108260000000000000000000FFFFFFFF7F00000093
:10827000800000000000000000000000020000007C
:1082800000000000E1240F0019250F0067E6096ACD
:1082900085AE67BB72F36E3C3AF54FA57F520E5127
:1082A0008C68059BABD9831F19CDE05B05000000EE
:1082B000190000007D0000000080E03779C34143D1
:1082C000176E05B5B5B89346F5F93FE9034F384D3C
:1082D000321D30F94877825A3CBF737FDD4F1575E8
:1082E000000000000000F03F0000000000002440FB
:1082F00000000000000059400000000000408F40D6
:10830000000000000088C34000000000006AF84040
:108310000000000080842E4100000000D012634164
:108320000000000084D797410000000065CDCD41DA
:10833000000000205FA00242000000E876483742BB
:10834000000000A2941A6D42000040E59C30A24259
:108350000000901EC4BCD64200003426F56B0C43CE
:108360000080E03779C3414300A0D8855734764375
:1083700000C84E676DC1AB43003D9160E458E143D6
:10838000408CB5781DAF154450EFE2D6E41A4B444B
:1083900092D54D06CFF08044F64AE1C7022DB54490
:1083A000B49DD9794378EA44002020202020202061
:1083B0002020282828282820202020202020202095
:1083C00020202020202020202088101010101010A5
:1083D00010101010101010101004040404040404F1
:1083E000040404101010101010104141414141418B
:1083F000010101010101010101010101010101016D
:10840000010101011010101010104242424242427C
:10841000020202020202020202020202020202023C
:1084200002020202101010102000000000000000E4
:10843000000000000000000000000000000000003C
:10844000000000000000000000000000000000002C
:10845000000000000000000000000000000000001C
:10846000000000000000000000000000000000000C
:1084700000000000000000000000000000000000FC
:1084800000000000000000000000000000000000EC
:1084900000000000000000000000000000000000DC
:1084A00000000000000000000000000010000000BC
:1084B00000000000017A5200027C0E011B0C0D002E
:1084C000380000001800000008BFFFFF9E000000F9
:1084D00000510E1084048503860287015BC7C6C560
:1084E000C40E004C0A420B0A420B0E108404850392
:1084F0008602870151C7C6C5C40E000010000000E7
:1085000000000000017A5200027C0E011B0C0D00DD
:10851000100000001800000074BFFFFF10000000F2
:08852000000000000000000053
:0885280099C20E0089C20E0089
:08853000B9FB0E00B1F50E00CD
:0C853800000000000300000095CF0E00C2
:108544005883002094930020A5930020608300208A
:04855400F40000002F
:088558001DF60E0000000000FA
:0885600091BB0E0000000000B9
:0885680051BD0E0000000000EF
:1085700065C50E000000000071C60E00000000007E
:0885800045BD0E0000000000E3
:08858800042DFF7F010000003B
:108590000090D00301000101985900208859002063
:1085A00000000000000000000000000000000000CB
:1085B00000000000000000000000000001000000BA
:1085C00000100000FF00FFFF0100000000E00F00AE
:1085D00001000000008002400000000000000000D8
:1085E00003000000E8A20020D45900200000000091
:1085F000E8A2002050A30020B8A300200000000043
:10860000000000000000000000000000000000006A
:10861000000000000000000000000000000000005A
:10862000000000000000000000000000000000004A
:1086300000000000000000004300000000000000F7
:10864000000000000000000000000000000000002A
:1086500000000000000000004300000000000000D7
:10866000000000000000000000000000000000000A
:1086700000000000000000004300000000000000B7
:1086800000000000000000000000000000000000EA
:108690000000000000000000430000000000000097
:1086A00000000000000000000000000000000000CA
:1086B0000000000000000000430000000000000077
:1086C00000000000000000000000000000000000AA
:1086D0000000000000000000430000000000000057
:1086E000000000000000000000000000000000008A
:1086F0000000000000000000430000000000000037
:108700000000000000000000000000000000000069
:108710000000000000000000C55F0F00A15F0F0017
:1087200000000000A8830F00EF750F0061760F00B6
:1087300061760F0061760F0061760F0061760F00A1
:1087400061760F0061760F0061760F0061760F0091
:10875000FFFFFFFFFFFFFFFFFFFFFFFFFFFF000027
:10876000010041534349490000000000000000009F
:1087700000000000000000000000000000000000F9
:108780000000415343494900000000000000000080
:1087900000000000000000000000000000000000D9
:0C87A0000000000069B20E0041B20E00A3
:1087AC000000000000000000A9FC0E0000100000FA
:0487BC0000001000A9
:020000020000FC
:020000041000EA
:0410140000B00E001A
:0410180000E00F00E5
:04000003E000B3095D
:00000001FF
